# SQL Manager 2007 for MySQL 4.2.1.1
# ---------------------------------------
# Host     : localhost
# Port     : 3306
# Database : kormoceh4


/*!40101 SET @OLD_CHARACTER_SET_CLIENT=@@CHARACTER_SET_CLIENT */;
/*!40101 SET @OLD_CHARACTER_SET_RESULTS=@@CHARACTER_SET_RESULTS */;
/*!40101 SET @OLD_COLLATION_CONNECTION=@@COLLATION_CONNECTION */;
/*!40101 SET NAMES utf8 */;

SET FOREIGN_KEY_CHECKS=0;

CREATE DATABASE `kormoceh4`
    CHARACTER SET 'latin1'
    COLLATE 'latin1_swedish_ci';

USE `kormoceh4`;

#
# Structure for the `grp_bunker` table : 
#

CREATE TABLE `grp_bunker` (
  `nRec` int(11) NOT NULL AUTO_INCREMENT,
  `Name` varchar(20) DEFAULT NULL,
  PRIMARY KEY (`nRec`)
) ENGINE=InnoDB AUTO_INCREMENT=6 DEFAULT CHARSET=utf8;

#
# Structure for the `bunker` table : 
#

CREATE TABLE `bunker` (
  `nRec` int(11) NOT NULL,
  `Name` varchar(20) NOT NULL,
  `nGrp_Bunker` int(11) NOT NULL,
  PRIMARY KEY (`nRec`),
  KEY `nGrp_Bunkers` (`nGrp_Bunker`),
  CONSTRAINT `bunker_fk` FOREIGN KEY (`nGrp_Bunker`) REFERENCES `grp_bunker` (`nRec`)
) ENGINE=InnoDB DEFAULT CHARSET=utf8;

#
# Structure for the `grp_product` table : 
#

CREATE TABLE `grp_product` (
  `nRec` int(11) NOT NULL,
  `Name` varchar(20) DEFAULT NULL,
  PRIMARY KEY (`nRec`)
) ENGINE=InnoDB DEFAULT CHARSET=utf8 AVG_ROW_LENGTH=20;

#
# Structure for the `grp_user` table : 
#

CREATE TABLE `grp_user` (
  `nRec` int(11) NOT NULL,
  `Name` varchar(20) NOT NULL,
  PRIMARY KEY (`nRec`)
) ENGINE=InnoDB DEFAULT CHARSET=utf8;

#
# Structure for the `user` table : 
#

CREATE TABLE `user` (
  `nRec` int(11) NOT NULL AUTO_INCREMENT,
  `Name` varchar(20) NOT NULL,
  `Pass` varchar(50) DEFAULT NULL,
  `bActive` tinyint(1) NOT NULL DEFAULT '1',
  `nGrp_User` int(11) NOT NULL,
  `FIO` varchar(50) DEFAULT NULL,
  `Tel` varchar(20) DEFAULT NULL,
  `email` varchar(30) DEFAULT NULL,
  PRIMARY KEY (`nRec`),
  UNIQUE KEY `Name` (`Name`),
  KEY `nGrp_Users` (`nGrp_User`),
  KEY `bActive` (`bActive`),
  CONSTRAINT `users_fk` FOREIGN KEY (`nGrp_User`) REFERENCES `grp_user` (`nRec`)
) ENGINE=InnoDB AUTO_INCREMENT=6 DEFAULT CHARSET=utf8;

#
# Structure for the `login` table : 
#

CREATE TABLE `login` (
  `nRec` int(11) NOT NULL AUTO_INCREMENT,
  `Last_Date` datetime NOT NULL,
  `Login_Status` tinyint(4) DEFAULT '-1',
  `nUser` int(11) NOT NULL DEFAULT '-1',
  `IP` varchar(20) DEFAULT NULL,
  `str` varchar(100) DEFAULT NULL,
  PRIMARY KEY (`nRec`),
  KEY `nUsers` (`nUser`),
  CONSTRAINT `login_fk` FOREIGN KEY (`nUser`) REFERENCES `user` (`nRec`)
) ENGINE=InnoDB AUTO_INCREMENT=3 DEFAULT CHARSET=utf8;

CREATE TRIGGER `login_before_ins_tr` BEFORE INSERT ON `login`
  FOR EACH ROW
BEGIN

END;

#
# Structure for the `product` table : 
#

CREATE TABLE `product` (
  `nRec` int(11) NOT NULL AUTO_INCREMENT,
  `Name` varchar(50) DEFAULT NULL,
  `nGrp_Product` int(11) NOT NULL,
  PRIMARY KEY (`nRec`),
  KEY `nGrp_Products` (`nGrp_Product`),
  CONSTRAINT `products_fk` FOREIGN KEY (`nGrp_Product`) REFERENCES `grp_product` (`nRec`)
) ENGINE=InnoDB AUTO_INCREMENT=26 DEFAULT CHARSET=utf8 AVG_ROW_LENGTH=40;

#
# Structure for the `oborot` table : 
#

CREATE TABLE `oborot` (
  `nRec` int(11) NOT NULL AUTO_INCREMENT,
  `Last_Date` datetime NOT NULL,
  `Last_User` int(11) NOT NULL,
  `nRecept` int(11) DEFAULT '-1' COMMENT 'Авто -> nRec рецепт\r\nРучно -> -1',
  `nProduct` int(11) NOT NULL COMMENT 'nRec продукта',
  `nBunker` int(11) NOT NULL,
  `Val` double(15,1) NOT NULL DEFAULT '0.0',
  PRIMARY KEY (`nRec`),
  KEY `Last_User` (`Last_User`),
  KEY `nProducts` (`nProduct`),
  KEY `nBunkers` (`nBunker`),
  CONSTRAINT `oborot_fk` FOREIGN KEY (`nProduct`) REFERENCES `product` (`nRec`),
  CONSTRAINT `oborot_fk1` FOREIGN KEY (`Last_User`) REFERENCES `user` (`nRec`),
  CONSTRAINT `oborot_fk2` FOREIGN KEY (`nBunker`) REFERENCES `bunker` (`nRec`)
) ENGINE=InnoDB AUTO_INCREMENT=1752 DEFAULT CHARSET=utf8;

CREATE TRIGGER `oborot_before_ins_tr` BEFORE INSERT ON `oborot`
  FOR EACH ROW
BEGIN
  set NEW.Last_Date=now();
END;

#
# Structure for the `prod_bunker` table : 
#

CREATE TABLE `prod_bunker` (
  `nRec` int(11) NOT NULL AUTO_INCREMENT,
  `Last_User` int(11) NOT NULL,
  `Last_Date` datetime DEFAULT NULL,
  `dt` date DEFAULT NULL,
  `nBunker` int(11) NOT NULL,
  `nProduct` int(11) NOT NULL,
  `bActive` tinyint(1) NOT NULL DEFAULT '0',
  PRIMARY KEY (`nRec`),
  UNIQUE KEY `ActiveBunker` (`bActive`,`nBunker`),
  UNIQUE KEY `ActiveProduct` (`bActive`,`nProduct`,`nBunker`),
  KEY `nBunkers` (`nBunker`),
  KEY `nProducts` (`nProduct`),
  KEY `Last_User` (`Last_User`),
  CONSTRAINT `prod_bunker_fk1` FOREIGN KEY (`nProduct`) REFERENCES `product` (`nRec`),
  CONSTRAINT `prod_bunker_fk2` FOREIGN KEY (`nBunker`) REFERENCES `bunker` (`nRec`),
  CONSTRAINT `prod_bunker_fk3` FOREIGN KEY (`Last_User`) REFERENCES `user` (`nRec`)
) ENGINE=InnoDB AUTO_INCREMENT=24 DEFAULT CHARSET=utf8;

CREATE TRIGGER `prod_bunker_before_ins_tr` BEFORE INSERT ON `prod_bunker`
  FOR EACH ROW
BEGIN
   set new.Last_Date=now();
END;

CREATE TRIGGER `prod_bunker_before_upd_tr` BEFORE UPDATE ON `prod_bunker`
  FOR EACH ROW
BEGIN
	set new.Last_Date=now();
END;

#
# Structure for the `recept` table : 
#

CREATE TABLE `recept` (
  `nRec` int(11) NOT NULL AUTO_INCREMENT,
  `Last_Date` datetime NOT NULL,
  `Last_User` int(11) NOT NULL,
  `Name` varchar(30) NOT NULL COMMENT 'Название рецепта',
  `nProduct` int(11) NOT NULL COMMENT 'nRec Наименование Комбикорма',
  `Val` float(9,3) DEFAULT NULL COMMENT 'Общий вес рецепта',
  `bActive` tinyint(1) NOT NULL DEFAULT '1' COMMENT 'Действующий?',
  PRIMARY KEY (`nRec`),
  UNIQUE KEY `bActive` (`bActive`,`Name`),
  KEY `Last_User` (`Last_User`),
  KEY `nProducts` (`nProduct`),
  CONSTRAINT `recept_fk` FOREIGN KEY (`Last_User`) REFERENCES `user` (`nRec`),
  CONSTRAINT `recept_fk1` FOREIGN KEY (`nProduct`) REFERENCES `product` (`nRec`)
) ENGINE=InnoDB AUTO_INCREMENT=5 DEFAULT CHARSET=utf8;

CREATE TRIGGER `recept_before_ins_tr` BEFORE INSERT ON `recept`
  FOR EACH ROW
BEGIN
  set new.last_date:=now();
END;

CREATE TRIGGER `recept_before_upd_tr` BEFORE UPDATE ON `recept`
  FOR EACH ROW
BEGIN
  set new.last_date:=now();
END;

#
# Structure for the `recept_det` table : 
#

CREATE TABLE `recept_det` (
  `nRec` int(11) NOT NULL AUTO_INCREMENT,
  `nRecept` int(11) NOT NULL COMMENT 'Описание рецепта',
  `nProduct` int(11) NOT NULL COMMENT 'Ингредиенты',
  `Val` float(9,3) NOT NULL,
  PRIMARY KEY (`nRec`),
  KEY `nProducts` (`nProduct`),
  KEY `nRecept` (`nRecept`),
  CONSTRAINT `recept_det_fk` FOREIGN KEY (`nRecept`) REFERENCES `recept` (`nRec`),
  CONSTRAINT `recept_det_fk1` FOREIGN KEY (`nProduct`) REFERENCES `product` (`nRec`)
) ENGINE=InnoDB AUTO_INCREMENT=13 DEFAULT CHARSET=utf8;

CREATE TRIGGER `recept_det_after_ins_tr` AFTER INSERT ON `recept_det`
  FOR EACH ROW
BEGIN
  set @Rec1=NEW.`nRecept`;
  SET @sm1=(SELECT SUM(`Val`) FROM recept_det WHERE `nRecept`=@Rec1);
  update recept set `Val`=@sm1 where `nRec`=@Rec1;
END;

CREATE TRIGGER `recept_det_after_upd_tr` AFTER UPDATE ON `recept_det`
  FOR EACH ROW
BEGIN
  set @Rec1=OLD.`nRecept`;
  SET @sm1=(SELECT SUM(`Val`) FROM recept_det WHERE `nRecept`=@Rec1);
  update recept set `Val`=@sm1 where `nRec`=@Rec1;
END;

CREATE TRIGGER `recept_det_after_del_tr` AFTER DELETE ON `recept_det`
  FOR EACH ROW
BEGIN
  set @Rec1=OLD.`nRecept`;
  SET @sm1=(SELECT SUM(`Val`) FROM recept_det WHERE `nRecept`=@Rec1);
  update recept set `Val`=@sm1 where `nRec`=@Rec1;
END;

#
# Structure for the `zakaz` table : 
#

CREATE TABLE `zakaz` (
  `nRec` int(11) NOT NULL AUTO_INCREMENT,
  `Last_Date` datetime NOT NULL,
  `Last_User` int(11) NOT NULL,
  `Name` varchar(30) DEFAULT NULL COMMENT 'name=recept.name',
  `nRecept` int(11) NOT NULL COMMENT 'nRec Рецепт',
  `Val` float(9,3) NOT NULL COMMENT 'Количество комбикорма (< 500 кг)',
  `nBunker` int(11) DEFAULT NULL COMMENT 'Бункер назначения',
  `Status` tinyint(4) DEFAULT '0' COMMENT 'Статус заказа:\r\n0 - сформирован\r\n1 - выполняется\r\n2 - выполнен\r\n-1 - отменён\r\n-2 - прерван',
  PRIMARY KEY (`nRec`),
  KEY `Last_User` (`Last_User`),
  KEY `nRecept` (`nRecept`),
  KEY `nBunker` (`nBunker`),
  CONSTRAINT `zakaz_fk` FOREIGN KEY (`Last_User`) REFERENCES `user` (`nRec`),
  CONSTRAINT `zakaz_fk1` FOREIGN KEY (`nRecept`) REFERENCES `recept` (`nRec`),
  CONSTRAINT `zakaz_fk2` FOREIGN KEY (`nBunker`) REFERENCES `bunker` (`nRec`)
) ENGINE=InnoDB AUTO_INCREMENT=11 DEFAULT CHARSET=utf8;

CREATE TRIGGER `zakaz_before_ins_tr` BEFORE INSERT ON `zakaz`
  FOR EACH ROW
BEGIN
  set new.last_date:=now();
END;

CREATE TRIGGER `zakaz_before_upd_tr` BEFORE UPDATE ON `zakaz`
  FOR EACH ROW
BEGIN
  set new.last_date:=now();
END;

#
# Structure for the `zakaz_det` table : 
#

CREATE TABLE `zakaz_det` (
  `nRec` int(11) NOT NULL AUTO_INCREMENT,
  `nZakaz` int(11) NOT NULL,
  `nProduct` int(11) NOT NULL,
  `Val` float(9,3) DEFAULT NULL,
  PRIMARY KEY (`nRec`),
  KEY `nZakaz` (`nZakaz`),
  KEY `nProduct` (`nProduct`),
  CONSTRAINT `zakaz_det_fk` FOREIGN KEY (`nZakaz`) REFERENCES `zakaz` (`nRec`),
  CONSTRAINT `zakaz_det_fk1` FOREIGN KEY (`nProduct`) REFERENCES `product` (`nRec`)
) ENGINE=InnoDB AUTO_INCREMENT=28 DEFAULT CHARSET=utf8;

#
# Data for the `grp_bunker` table  (LIMIT 0,500)
#

INSERT INTO `grp_bunker` (`nRec`, `Name`) VALUES 
  (1,'Зерновые бункеры'),
  (2,'Бункеры добавок'),
  (3,'Бункеры комбикормов'),
  (4,'Масло'),
  (5,'Нет бункера');

COMMIT;

#
# Data for the `bunker` table  (LIMIT 0,500)
#

INSERT INTO `bunker` (`nRec`, `Name`, `nGrp_Bunker`) VALUES 
  (1,'Бункер 1 - Зерно',1),
  (2,'Бункер 2 - Зерно',1),
  (3,'Бункер 3 - Зерно',1),
  (4,'Бункер 4 - Зерно',1),
  (5,'Бункер 5 - Зерно',1),
  (6,'Бункер 6 - Зерно',1),
  (7,'Бункер 7 - Зерно',1),
  (8,'Бункер 8 - Зерно',1),
  (9,'Бункер 9 - Зерно',1),
  (10,'Бункер 10 - Зерно',1),
  (11,'Бункер 1 - Добавки',2),
  (12,'Бункер 2 - Добавки',2),
  (13,'Бункер 3 - Добавки',2),
  (14,'Бункер 4 - Добавки',2),
  (15,'Бункер 5 - Добавки',2),
  (16,'Бункер 6 - Добавки',2),
  (21,'Бункер 1 - Комбикорм',3),
  (22,'Бункер 2 - Комбикорм',3),
  (23,'Бункер 3 - Комбикорм',3),
  (24,'Бункер 4 - Комбикорм',3),
  (25,'Бункер 5 - Комбикорм',3),
  (26,'Бункер 6 - Комбикорм',3),
  (31,'Масло',4);

COMMIT;

#
# Data for the `grp_product` table  (LIMIT 0,500)
#

INSERT INTO `grp_product` (`nRec`, `Name`) VALUES 
  (1,'Зерновые'),
  (2,'Добавки'),
  (3,'Комбикорма');

COMMIT;

#
# Data for the `grp_user` table  (LIMIT 0,500)
#

INSERT INTO `grp_user` (`nRec`, `Name`) VALUES 
  (-1,'Без группы'),
  (1,'WWW Гости'),
  (2,'WWW Пользователи'),
  (3,'WWW Руководители'),
  (7,'Операторы'),
  (8,'Мастеры'),
  (10,'Администраторы');

COMMIT;

#
# Data for the `user` table  (LIMIT 0,500)
#

INSERT INTO `user` (`nRec`, `Name`, `Pass`, `bActive`, `nGrp_User`, `FIO`, `Tel`, `email`) VALUES 
  (-1,'Не верное имя',NULL,1,-1,NULL,NULL,NULL),
  (1,'Oleg',NULL,1,10,'Батомункуев О.Б.','+79245555363','oleg_bat@mail.ru'),
  (2,'Bulat',NULL,1,10,'Бадмаев Б.Б.','+79644024932','bulat.badmaev@list.ru'),
  (3,'Avas',NULL,1,7,'Авас',NULL,NULL),
  (4,'Evgen',NULL,1,8,'Петчинов Е.','+79246553089','petchinov@mail.ru'),
  (5,'Roman',NULL,1,3,'Миткинов Р.Е.','+79247759799','sk.nik@mail.ru');

COMMIT;

#
# Data for the `login` table  (LIMIT 0,500)
#

INSERT INTO `login` (`nRec`, `Last_Date`, `Login_Status`, `nUser`, `IP`, `str`) VALUES 
  (2,'2017-05-04 15:07:08',-1,-1,'123.123.123.123',NULL);

COMMIT;

#
# Data for the `product` table  (LIMIT 0,500)
#

INSERT INTO `product` (`nRec`, `Name`, `nGrp_Product`) VALUES 
  (1,'Пшеница',1),
  (2,'Ячмень',1),
  (3,'Отруби',1),
  (4,'Биодобавки КС-1 (Супорос)',2),
  (5,'Биодобавки КС-2 (Лактирующие)',2),
  (6,'Биодобавки КС-4 (Доращивание)',2),
  (7,'Биодобавки КС-5 (Доращивание)',2),
  (8,'Биодобавки КС-6 (Откорм)',2),
  (9,'Биодобавки КС-7 (Откорм)',2),
  (10,'Биодобавки КС-6 (Ремонтный)',2),
  (11,'Соевый шрот',1),
  (12,'Жмых подсолнечный',1),
  (13,'Масло подсолнечное',2),
  (14,'Мука рыбная',2),
  (15,'ЗЦМ (молоко сухое)',2),
  (16,'Комбикорм \"Супоросные матки\"',3),
  (17,'Комбикорм \"Лактирующие матки\"',3),
  (18,'Комбикорм \"Доращивание 1\"',3),
  (19,'Комбикорм \"Доращивание 2\"',3),
  (20,'Комбикорм \"Откорм 1\"',3),
  (21,'Комбикорм \"Откорм 2\"',3),
  (22,'Комбикорм \"Ремонт\"',3),
  (25,'Горох',1);

COMMIT;

#
# Data for the `oborot` table  (LIMIT 0,500)
#

INSERT INTO `oborot` (`nRec`, `Last_Date`, `Last_User`, `nRecept`, `nProduct`, `nBunker`, `Val`) VALUES 
  (1,'2017-11-13 11:17:32',1,-1,1,1,111),
  (2,'2017-11-14 10:55:35',1,-1,12,5,253),
  (3,'2017-11-14 10:56:03',1,-1,11,6,849),
  (4,'2017-11-14 10:56:53',1,-1,2,9,2780),
  (5,'2017-11-14 10:57:33',1,-1,7,14,226),
  (6,'2017-11-14 10:57:43',1,-1,1,10,4672),
  (7,'2017-11-14 11:10:57',1,-1,12,5,245),
  (8,'2017-11-14 11:11:27',1,-1,11,6,843),
  (9,'2017-11-14 11:12:13',1,-1,2,9,2764),
  (10,'2017-11-14 11:12:55',1,-1,1,10,4617),
  (11,'2017-11-14 11:13:01',1,-1,7,14,225),
  (12,'2017-11-14 11:14:27',1,-1,12,5,260),
  (13,'2017-11-14 11:14:55',1,-1,11,6,838),
  (14,'2017-11-14 11:15:47',1,-1,2,9,2776),
  (15,'2017-11-14 11:16:34',1,-1,1,10,4643),
  (16,'2017-11-14 11:17:19',1,-1,7,14,226),
  (17,'2017-11-14 11:20:17',1,-1,12,5,248),
  (18,'2017-11-14 11:20:48',1,-1,11,6,848),
  (19,'2017-11-14 11:21:38',1,-1,2,9,2757),
  (20,'2017-11-14 11:22:23',1,-1,1,10,4644),
  (21,'2017-11-14 11:23:12',1,-1,7,14,224),
  (22,'2017-11-14 11:26:45',1,-1,12,5,251),
  (23,'2017-11-14 11:27:14',1,-1,11,6,834),
  (24,'2017-11-14 11:28:09',1,-1,2,9,2771),
  (25,'2017-11-14 11:28:54',1,-1,1,10,4618),
  (26,'2017-11-14 11:29:37',1,-1,7,14,223),
  (27,'2017-11-14 11:35:52',1,-1,12,5,257),
  (28,'2017-11-14 11:36:19',1,-1,11,6,843),
  (29,'2017-11-14 11:37:52',1,-1,7,14,225),
  (30,'2017-11-14 11:40:46',1,-1,2,9,1595),
  (32,'2017-11-14 19:51:54',1,-1,12,5,397),
  (33,'2017-11-14 19:51:54',1,-1,5,12,151),
  (34,'2017-11-15 11:37:32',1,-1,7,14,221),
  (35,'2017-11-15 11:40:01',1,-1,12,5,394),
  (36,'2017-11-15 11:40:32',1,-1,11,6,516),
  (37,'2017-11-15 11:41:10',1,-1,2,9,1352),
  (38,'2017-11-15 11:41:12',1,-1,5,12,151),
  (39,'2017-11-15 11:42:04',1,-1,1,10,2458),
  (40,'2017-11-15 11:44:57',1,-1,12,5,401),
  (41,'2017-11-15 11:45:24',1,-1,11,6,491),
  (42,'2017-11-15 11:46:06',1,-1,2,9,1346),
  (43,'2017-11-15 11:47:03',1,-1,1,10,2508),
  (44,'2017-11-15 11:47:03',1,-1,5,12,152),
  (45,'2017-11-15 11:51:02',1,-1,12,5,396),
  (46,'2017-11-15 11:51:31',1,-1,11,6,506),
  (47,'2017-11-15 11:52:12',1,-1,2,9,1341),
  (48,'2017-11-15 11:53:18',1,-1,1,10,2661),
  (49,'2017-11-15 12:08:52',1,-1,5,12,147),
  (50,'2017-11-15 12:10:39',1,-1,12,5,407),
  (51,'2017-11-15 12:11:07',1,-1,11,6,492),
  (52,'2017-11-15 12:11:49',1,-1,5,12,152),
  (53,'2017-11-15 12:11:50',1,-1,2,9,1367),
  (54,'2017-11-15 12:12:36',1,-1,1,10,2317),
  (55,'2017-11-15 12:15:53',1,-1,12,5,391),
  (56,'2017-11-15 12:16:21',1,-1,11,6,506),
  (57,'2017-11-15 12:17:05',1,-1,2,9,1350),
  (58,'2017-11-15 12:17:56',1,-1,5,12,150),
  (59,'2017-11-15 12:17:57',1,-1,1,10,2444),
  (60,'2017-11-15 12:22:32',1,-1,12,5,407),
  (61,'2017-11-15 12:22:59',1,-1,11,6,502),
  (62,'2017-11-15 12:23:43',1,-1,2,9,1352),
  (63,'2017-11-15 12:24:33',1,-1,5,12,152),
  (64,'2017-11-15 12:24:36',1,-1,1,10,2441),
  (65,'2017-11-15 14:18:26',1,-1,12,5,392),
  (66,'2017-11-15 14:18:54',1,-1,11,6,490),
  (67,'2017-11-15 14:19:35',1,-1,5,12,151),
  (68,'2017-11-15 14:19:37',1,-1,2,9,1344),
  (69,'2017-11-15 14:20:34',1,-1,1,10,2475),
  (70,'2017-11-15 14:26:03',1,-1,12,5,383),
  (71,'2017-11-15 14:26:30',1,-1,11,6,475),
  (72,'2017-11-15 14:27:13',1,-1,2,9,1355),
  (73,'2017-11-15 14:27:14',1,-1,5,12,151),
  (74,'2017-11-15 14:28:05',1,-1,1,10,2446),
  (75,'2017-11-17 11:43:20',1,-1,12,5,400),
  (76,'2017-11-17 11:43:48',1,-1,11,6,491),
  (77,'2017-11-17 11:44:26',1,-1,5,12,150),
  (78,'2017-11-17 11:44:29',1,-1,2,9,1342),
  (79,'2017-11-17 11:45:25',1,-1,1,10,2480),
  (80,'2017-11-17 11:52:26',1,-1,12,5,402),
  (81,'2017-11-17 11:52:51',1,-1,11,6,495),
  (82,'2017-11-17 11:53:30',1,-1,2,9,1345),
  (83,'2017-11-17 11:54:00',1,-1,5,12,149),
  (84,'2017-11-17 11:54:26',1,-1,1,10,2480),
  (85,'2017-11-17 11:55:27',1,-1,12,5,348),
  (86,'2017-11-17 11:55:55',1,-1,11,6,506),
  (87,'2017-11-17 11:56:37',1,-1,2,9,1346),
  (88,'2017-11-17 11:57:33',1,-1,1,10,2473),
  (89,'2017-11-17 11:57:35',1,-1,5,12,146),
  (90,'2017-11-17 12:01:19',1,-1,12,5,384),
  (91,'2017-11-17 12:01:47',1,-1,11,6,487),
  (92,'2017-11-17 12:02:29',1,-1,2,9,1359),
  (93,'2017-11-17 12:03:20',1,-1,5,12,148),
  (94,'2017-11-17 12:03:22',1,-1,1,10,2469),
  (95,'2017-11-17 12:07:49',1,-1,12,5,394),
  (96,'2017-11-17 12:08:18',1,-1,11,6,490),
  (97,'2017-11-17 12:09:00',1,-1,2,9,1350),
  (98,'2017-11-17 12:09:53',1,-1,1,10,2448),
  (99,'2017-11-17 12:09:54',1,-1,5,12,147),
  (100,'2017-11-17 12:14:29',1,-1,12,5,402),
  (101,'2017-11-17 12:14:57',1,-1,11,6,499),
  (102,'2017-11-17 12:15:39',1,-1,2,9,1346),
  (103,'2017-11-17 12:16:33',1,-1,5,12,147),
  (104,'2017-11-17 12:16:35',1,-1,1,10,2454),
  (105,'2017-11-17 12:21:09',1,-1,12,5,399),
  (106,'2017-11-17 12:21:37',1,-1,11,6,491),
  (107,'2017-11-17 12:22:18',1,-1,2,9,1340),
  (108,'2017-11-17 12:23:09',1,-1,5,12,149),
  (109,'2017-11-17 12:23:12',1,-1,1,10,2479),
  (110,'2017-11-17 12:27:40',1,-1,12,5,396),
  (111,'2017-11-17 12:28:08',1,-1,11,6,499),
  (112,'2017-11-17 12:28:50',1,-1,2,9,1355),
  (113,'2017-11-17 12:29:41',1,-1,5,12,151),
  (114,'2017-11-17 12:29:43',1,-1,1,10,2464),
  (115,'2017-11-17 12:34:09',1,-1,12,5,401),
  (116,'2017-11-17 12:34:35',1,-1,11,6,487),
  (117,'2017-11-17 12:35:18',1,-1,2,9,1348),
  (118,'2017-11-17 12:36:12',1,-1,1,10,2457),
  (119,'2017-11-17 12:36:14',1,-1,5,12,150),
  (120,'2017-11-17 12:40:48',1,-1,12,5,408),
  (121,'2017-11-17 12:41:15',1,-1,11,6,503),
  (122,'2017-11-17 12:41:58',1,-1,2,9,1361),
  (123,'2017-11-17 12:42:50',1,-1,5,12,148),
  (124,'2017-11-17 12:47:22',1,-1,1,10,-35),
  (125,'2017-11-17 12:48:05',1,-1,1,8,636),
  (126,'2017-11-17 13:09:26',1,-1,12,5,406),
  (127,'2017-11-17 13:09:54',1,-1,11,6,489),
  (128,'2017-11-17 13:10:31',1,-1,5,12,149),
  (129,'2017-11-17 13:11:15',1,-1,1,8,2506),
  (130,'2017-11-17 13:11:56',1,-1,2,9,1338),
  (131,'2017-11-17 13:14:06',1,-1,12,5,396),
  (132,'2017-11-17 13:14:35',1,-1,11,6,508),
  (133,'2017-11-17 13:16:05',1,-1,5,12,147),
  (134,'2017-11-17 13:18:38',1,-1,1,8,59),
  (135,'2017-11-17 14:05:38',1,-1,1,8,2494),
  (136,'2017-11-17 14:06:18',1,-1,2,9,1340),
  (137,'2017-11-17 14:15:05',1,-1,12,5,406),
  (138,'2017-11-17 14:15:30',1,-1,11,6,487),
  (139,'2017-11-17 14:16:39',1,-1,5,12,147),
  (140,'2017-11-17 14:16:43',1,-1,1,8,2485),
  (141,'2017-11-17 14:17:25',1,-1,2,9,1345),
  (142,'2017-11-17 14:18:20',1,-1,12,5,319),
  (143,'2017-11-17 14:18:48',1,-1,11,6,481),
  (144,'2017-11-17 14:20:02',1,-1,1,8,2489),
  (145,'2017-11-17 14:20:32',1,-1,5,12,150),
  (146,'2017-11-17 14:20:43',1,-1,2,9,1348),
  (147,'2017-11-17 14:24:02',1,-1,12,5,380),
  (148,'2017-11-17 14:24:30',1,-1,11,6,489),
  (149,'2017-11-17 14:25:44',1,-1,1,8,2496),
  (150,'2017-11-17 14:26:08',1,-1,5,12,149),
  (151,'2017-11-17 14:26:24',1,-1,2,9,1348),
  (152,'2017-11-17 14:30:24',1,-1,12,5,398),
  (153,'2017-11-17 14:30:51',1,-1,11,6,487),
  (154,'2017-11-17 14:32:06',1,-1,1,8,2495),
  (155,'2017-11-17 14:32:25',1,-1,5,12,149),
  (156,'2017-11-17 14:32:48',1,-1,2,9,1346),
  (157,'2017-11-17 14:36:51',1,-1,12,5,386),
  (158,'2017-11-17 14:37:18',1,-1,11,6,491),
  (159,'2017-11-17 14:38:35',1,-1,1,8,2503),
  (160,'2017-11-17 14:38:49',1,-1,5,12,148),
  (161,'2017-11-17 14:39:15',1,-1,2,9,1347),
  (162,'2017-11-17 14:43:19',1,-1,12,5,396),
  (163,'2017-11-17 14:43:48',1,-1,11,6,504),
  (164,'2017-11-17 14:45:02',1,-1,1,8,2500),
  (165,'2017-11-17 14:45:16',1,-1,5,12,148),
  (166,'2017-11-17 14:45:42',1,-1,2,9,1334),
  (167,'2017-11-17 14:49:37',1,-1,12,5,400),
  (168,'2017-11-17 14:50:04',1,-1,11,6,474),
  (169,'2017-11-17 14:51:18',1,-1,1,8,2489),
  (170,'2017-11-17 14:51:42',1,-1,5,12,146),
  (171,'2017-11-17 14:52:00',1,-1,2,9,1344),
  (172,'2017-11-17 14:56:11',1,-1,12,5,397),
  (173,'2017-11-17 14:56:38',1,-1,11,6,488),
  (174,'2017-11-17 14:57:53',1,-1,1,8,2500),
  (175,'2017-11-17 14:58:14',1,-1,5,12,149),
  (176,'2017-11-17 14:58:37',1,-1,2,9,1352),
  (177,'2017-11-17 15:02:29',1,-1,12,5,393),
  (178,'2017-11-17 15:02:56',1,-1,11,6,492),
  (179,'2017-11-17 15:04:11',1,-1,1,8,2502),
  (180,'2017-11-17 15:04:33',1,-1,5,12,148),
  (181,'2017-11-17 15:04:51',1,-1,2,9,1331),
  (182,'2017-11-17 15:09:04',1,-1,12,5,412),
  (183,'2017-11-17 15:09:31',1,-1,11,6,488),
  (184,'2017-11-17 15:10:46',1,-1,1,8,2486),
  (185,'2017-11-17 15:11:02',1,-1,5,12,150),
  (186,'2017-11-17 15:11:28',1,-1,2,9,1358),
  (187,'2017-11-17 15:15:24',1,-1,12,5,400),
  (188,'2017-11-17 15:15:51',1,-1,11,6,469),
  (189,'2017-11-17 15:17:05',1,-1,1,8,2485),
  (190,'2017-11-17 15:17:28',1,-1,5,12,148),
  (191,'2017-11-17 15:17:48',1,-1,2,9,1339),
  (192,'2017-11-17 15:22:02',1,-1,12,5,407),
  (193,'2017-11-17 15:22:31',1,-1,11,6,507),
  (194,'2017-11-17 15:23:46',1,-1,1,8,2499),
  (195,'2017-11-17 15:23:59',1,-1,5,12,148),
  (196,'2017-11-17 15:24:27',1,-1,2,9,1341),
  (197,'2017-11-17 15:28:29',1,-1,12,5,389),
  (198,'2017-11-17 15:28:56',1,-1,11,6,482),
  (199,'2017-11-17 15:30:11',1,-1,1,8,2491),
  (200,'2017-11-17 15:30:29',1,-1,5,12,150),
  (201,'2017-11-17 15:30:53',1,-1,2,9,1326),
  (202,'2017-11-17 15:34:56',1,-1,12,5,394),
  (203,'2017-11-17 15:35:26',1,-1,11,6,495),
  (204,'2017-11-17 15:36:41',1,-1,1,8,2502),
  (205,'2017-11-17 15:37:05',1,-1,5,12,149),
  (206,'2017-11-17 15:37:21',1,-1,2,9,1334),
  (207,'2017-11-17 15:41:28',1,-1,12,5,392),
  (208,'2017-11-17 15:41:57',1,-1,11,6,489),
  (209,'2017-11-17 15:43:13',1,-1,1,8,2502),
  (210,'2017-11-17 15:43:31',1,-1,5,12,149),
  (211,'2017-11-17 15:43:54',1,-1,2,9,1342),
  (212,'2017-11-17 16:23:41',1,-1,5,12,149),
  (213,'2017-11-17 16:28:04',1,-1,12,5,406),
  (214,'2017-11-17 16:28:29',1,-1,11,6,477),
  (215,'2017-11-17 16:29:41',1,-1,1,8,2490),
  (216,'2017-11-17 16:30:23',1,-1,2,9,1342),
  (217,'2017-11-17 16:32:56',1,-1,5,12,89),
  (218,'2017-11-17 16:36:20',1,-1,12,5,358),
  (219,'2017-11-17 16:36:44',1,-1,11,6,505),
  (220,'2017-11-17 16:37:27',1,-1,5,12,146),
  (221,'2017-11-17 16:37:53',1,-1,1,8,2504),
  (222,'2017-11-17 16:38:36',1,-1,2,9,1338),
  (223,'2017-11-17 16:39:55',1,-1,12,5,274),
  (224,'2017-11-17 16:40:30',1,-1,12,5,278),
  (225,'2017-11-17 16:40:58',1,-1,11,6,497),
  (226,'2017-11-17 16:41:50',1,-1,5,12,149),
  (227,'2017-11-17 16:42:13',1,-1,1,8,2517),
  (228,'2017-11-17 16:42:55',1,-1,2,9,1364),
  (229,'2017-11-17 16:46:24',1,-1,12,5,376),
  (230,'2017-11-17 16:46:54',1,-1,11,6,509),
  (231,'2017-11-17 16:47:16',1,-1,5,12,147),
  (232,'2017-11-17 16:48:05',1,-1,1,8,2483),
  (233,'2017-11-17 16:48:47',1,-1,2,9,1337),
  (234,'2017-11-17 16:51:56',1,-1,12,5,393),
  (235,'2017-11-17 16:52:27',1,-1,11,6,504),
  (236,'2017-11-17 16:53:40',1,-1,1,8,2491),
  (237,'2017-11-17 16:53:57',1,-1,5,12,149),
  (238,'2017-11-17 16:54:23',1,-1,2,9,1357),
  (239,'2017-11-18 08:31:47',1,-1,12,5,242),
  (240,'2017-11-18 08:32:16',1,-1,11,6,579),
  (241,'2017-11-18 08:33:04',1,-1,2,9,1913),
  (242,'2017-11-18 08:33:48',1,-1,7,14,226),
  (243,'2017-11-18 08:37:02',1,-1,1,10,73),
  (244,'2017-11-18 08:38:55',1,-1,1,8,182),
  (245,'2017-11-18 08:40:09',1,-1,1,8,1623),
  (246,'2017-11-18 08:44:27',1,-1,12,5,234),
  (247,'2017-11-18 08:44:58',1,-1,11,6,585),
  (248,'2017-11-18 08:46:09',1,-1,1,8,2624),
  (249,'2017-11-18 08:46:10',1,-1,7,14,196),
  (250,'2017-11-18 08:51:42',1,-1,12,5,252),
  (251,'2017-11-18 08:52:14',1,-1,11,6,597),
  (252,'2017-11-18 08:53:10',1,-1,1,8,2083),
  (253,'2017-11-18 08:53:11',1,-1,7,14,178),
  (254,'2017-11-18 08:55:20',1,-1,2,9,1706),
  (255,'2017-11-18 08:55:28',1,-1,7,14,47),
  (256,'2017-11-18 08:58:51',1,-1,12,5,244),
  (257,'2017-11-18 08:59:21',1,-1,11,6,588),
  (258,'2017-11-18 09:00:21',1,-1,1,8,2189),
  (259,'2017-11-18 09:00:22',1,-1,7,14,180),
  (260,'2017-11-18 09:01:47',1,-1,2,9,1647),
  (261,'2017-11-18 09:02:00',1,-1,7,14,50),
  (262,'2017-11-18 09:05:51',1,-1,1,8,1715),
  (263,'2017-11-18 09:06:42',1,-1,1,8,371),
  (264,'2017-11-18 09:08:08',1,-1,12,5,258),
  (265,'2017-11-18 09:08:35',1,-1,11,6,593),
  (266,'2017-11-18 09:09:23',1,-1,2,9,1701),
  (267,'2017-11-18 09:10:53',1,-1,7,14,226),
  (268,'2017-11-18 10:08:32',1,-1,1,8,102),
  (269,'2017-11-18 10:10:54',1,-1,12,5,249),
  (270,'2017-11-18 10:11:23',1,-1,11,6,597),
  (271,'2017-11-18 10:12:20',1,-1,1,8,1874),
  (272,'2017-11-18 10:12:55',1,-1,7,14,226),
  (273,'2017-11-18 10:13:09',1,-1,2,9,1922),
  (274,'2017-11-18 10:15:14',1,-1,12,5,249),
  (275,'2017-11-18 10:15:43',1,-1,11,6,584),
  (276,'2017-11-18 10:16:43',1,-1,1,8,1877),
  (277,'2017-11-18 10:17:32',1,-1,2,9,1896),
  (278,'2017-11-18 10:18:09',1,-1,7,14,221),
  (279,'2017-11-18 10:22:08',1,-1,12,5,244),
  (280,'2017-11-18 10:22:38',1,-1,11,6,591),
  (281,'2017-11-18 10:23:38',1,-1,1,8,1901),
  (282,'2017-11-18 10:24:07',1,-1,7,14,223),
  (283,'2017-11-18 10:24:27',1,-1,2,9,1913),
  (284,'2017-11-18 10:27:21',1,-1,12,5,251),
  (285,'2017-11-18 10:27:49',1,-1,11,6,591),
  (286,'2017-11-18 10:28:50',1,-1,1,8,1894),
  (287,'2017-11-18 10:29:39',1,-1,2,9,1929),
  (288,'2017-11-18 10:30:14',1,-1,7,14,222),
  (289,'2017-11-18 10:33:32',1,-1,12,5,247),
  (290,'2017-11-18 10:34:01',1,-1,11,6,601),
  (291,'2017-11-18 10:35:02',1,-1,1,8,1896),
  (292,'2017-11-18 10:35:51',1,-1,2,9,1919),
  (293,'2017-11-18 10:36:28',1,-1,7,14,224),
  (294,'2017-11-18 10:39:41',1,-1,12,5,238),
  (295,'2017-11-18 10:40:13',1,-1,11,6,588),
  (296,'2017-11-18 10:41:13',1,-1,1,8,1896),
  (297,'2017-11-18 10:42:01',1,-1,2,9,1911),
  (298,'2017-11-18 10:42:36',1,-1,7,14,225),
  (299,'2017-11-18 10:45:55',1,-1,12,5,241),
  (300,'2017-11-18 10:46:24',1,-1,11,6,583),
  (301,'2017-11-18 10:47:26',1,-1,1,8,1891),
  (302,'2017-11-18 10:48:14',1,-1,2,9,1923),
  (303,'2017-11-18 10:48:48',1,-1,7,14,225),
  (304,'2017-11-18 10:51:58',1,-1,12,5,253),
  (305,'2017-11-18 10:52:29',1,-1,11,6,596),
  (306,'2017-11-18 10:53:30',1,-1,1,8,1897),
  (307,'2017-11-18 10:54:19',1,-1,2,9,1920),
  (308,'2017-11-18 10:54:52',1,-1,7,14,221),
  (309,'2017-11-18 10:58:04',1,-1,12,5,245),
  (310,'2017-11-18 10:58:34',1,-1,11,6,598),
  (311,'2017-11-18 10:59:35',1,-1,1,8,1901),
  (312,'2017-11-18 11:00:23',1,-1,2,9,1911),
  (313,'2017-11-18 11:00:58',1,-1,7,14,224),
  (314,'2017-11-18 11:04:13',1,-1,12,5,249),
  (315,'2017-11-18 11:04:44',1,-1,11,6,591),
  (316,'2017-11-18 11:05:45',1,-1,1,8,1894),
  (317,'2017-11-18 11:06:34',1,-1,2,9,1919),
  (318,'2017-11-18 11:07:08',1,-1,7,14,223),
  (319,'2017-11-18 11:10:22',1,-1,12,5,251),
  (320,'2017-11-18 11:10:53',1,-1,11,6,603),
  (321,'2017-11-18 11:11:54',1,-1,1,8,1890),
  (322,'2017-11-18 11:12:41',1,-1,2,9,1915),
  (323,'2017-11-18 11:13:20',1,-1,7,14,227),
  (324,'2017-11-18 11:16:26',1,-1,12,5,244),
  (325,'2017-11-18 11:16:57',1,-1,11,6,583),
  (326,'2017-11-18 11:17:57',1,-1,1,8,1898),
  (327,'2017-11-18 11:18:46',1,-1,2,9,1896),
  (328,'2017-11-18 11:19:22',1,-1,7,14,224),
  (329,'2017-11-18 11:22:32',1,-1,12,5,246),
  (330,'2017-11-18 11:23:02',1,-1,11,6,595),
  (331,'2017-11-18 11:24:05',1,-1,1,8,1902),
  (332,'2017-11-18 11:24:54',1,-1,2,9,1919),
  (333,'2017-11-18 11:25:29',1,-1,7,14,226),
  (334,'2017-11-18 11:28:35',1,-1,12,5,245),
  (335,'2017-11-18 11:29:04',1,-1,11,6,595),
  (336,'2017-11-18 11:30:05',1,-1,1,8,1896),
  (337,'2017-11-18 11:30:54',1,-1,2,9,1915),
  (338,'2017-11-18 11:31:31',1,-1,7,14,224),
  (339,'2017-11-18 11:34:44',1,-1,12,5,258),
  (340,'2017-11-18 11:35:14',1,-1,11,6,575),
  (341,'2017-11-18 11:36:15',1,-1,1,8,1901),
  (342,'2017-11-18 11:37:04',1,-1,2,9,1925),
  (343,'2017-11-18 11:37:42',1,-1,7,14,224),
  (344,'2017-11-18 11:40:51',1,-1,12,5,241),
  (345,'2017-11-18 11:41:22',1,-1,11,6,585),
  (346,'2017-11-18 11:42:22',1,-1,1,8,1897),
  (347,'2017-11-18 11:43:10',1,-1,2,9,1911),
  (348,'2017-11-18 11:43:50',1,-1,7,14,224),
  (349,'2017-11-18 11:47:00',1,-1,12,5,250),
  (350,'2017-11-18 11:47:30',1,-1,11,6,596),
  (351,'2017-11-18 11:48:30',1,-1,1,8,1886),
  (352,'2017-11-18 11:49:19',1,-1,2,9,1910),
  (353,'2017-11-18 11:49:56',1,-1,7,14,226),
  (354,'2017-11-18 12:52:26',1,-1,12,5,391),
  (355,'2017-11-18 12:52:56',1,-1,11,6,475),
  (356,'2017-11-18 12:53:34',1,-1,5,12,150),
  (357,'2017-11-18 12:54:11',1,-1,1,8,2493),
  (358,'2017-11-18 12:54:51',1,-1,2,9,1341),
  (359,'2017-11-18 12:56:24',1,-1,12,5,396),
  (360,'2017-11-18 12:56:53',1,-1,11,6,487),
  (361,'2017-11-18 12:58:08',1,-1,1,8,2503),
  (362,'2017-11-18 12:58:29',1,-1,5,12,150),
  (363,'2017-11-18 12:58:49',1,-1,2,9,1348),
  (364,'2017-11-18 13:02:26',1,-1,12,5,395),
  (365,'2017-11-18 13:02:54',1,-1,11,6,492),
  (366,'2017-11-18 13:04:07',1,-1,1,8,2486),
  (367,'2017-11-18 13:04:29',1,-1,5,12,147),
  (368,'2017-11-18 13:04:48',1,-1,2,9,1337),
  (369,'2017-11-18 13:08:22',1,-1,12,5,395),
  (370,'2017-11-18 13:08:50',1,-1,11,6,493),
  (371,'2017-11-18 13:10:02',1,-1,1,8,2486),
  (372,'2017-11-18 13:10:26',1,-1,5,12,150),
  (373,'2017-11-18 13:10:45',1,-1,2,9,1354),
  (374,'2017-11-18 13:14:19',1,-1,12,5,398),
  (375,'2017-11-18 13:14:47',1,-1,11,6,493),
  (376,'2017-11-18 13:16:01',1,-1,1,8,2504),
  (377,'2017-11-18 13:16:23',1,-1,5,12,147),
  (378,'2017-11-18 13:16:43',1,-1,2,9,1346),
  (379,'2017-11-18 13:20:16',1,-1,12,5,380),
  (380,'2017-11-18 13:20:44',1,-1,11,6,489),
  (381,'2017-11-18 13:21:58',1,-1,1,8,2495),
  (382,'2017-11-18 13:22:23',1,-1,5,12,149),
  (383,'2017-11-18 13:22:40',1,-1,2,9,1344),
  (384,'2017-11-18 13:26:13',1,-1,12,5,395),
  (385,'2017-11-18 13:26:43',1,-1,11,6,496),
  (386,'2017-11-18 13:27:56',1,-1,1,8,2492),
  (387,'2017-11-18 13:28:18',1,-1,5,12,148),
  (388,'2017-11-18 13:28:36',1,-1,2,9,1342),
  (389,'2017-11-18 13:32:08',1,-1,12,5,403),
  (390,'2017-11-18 13:32:38',1,-1,11,6,484),
  (391,'2017-11-18 13:33:51',1,-1,1,8,2489),
  (392,'2017-11-18 13:34:13',1,-1,5,12,148),
  (393,'2017-11-18 13:34:32',1,-1,2,9,1350),
  (394,'2017-11-18 13:38:10',1,-1,12,5,399),
  (395,'2017-11-18 13:38:39',1,-1,11,6,489),
  (396,'2017-11-18 13:39:54',1,-1,1,8,2488),
  (397,'2017-11-18 13:40:14',1,-1,5,12,147),
  (398,'2017-11-18 13:40:35',1,-1,2,9,1341),
  (399,'2017-11-18 14:33:59',1,-1,12,5,198),
  (400,'2017-11-18 14:35:14',1,-1,2,7,878),
  (401,'2017-11-18 14:35:53',1,-1,8,15,247),
  (402,'2017-11-18 14:36:15',1,-1,2,9,2682),
  (403,'2017-11-18 14:37:08',1,-1,1,10,59),
  (404,'2017-11-18 14:38:13',1,-1,1,10,62),
  (405,'2017-11-18 14:39:25',1,-1,1,8,884),
  (406,'2017-11-18 15:23:07',1,-1,12,5,208),
  (407,'2017-11-18 15:24:27',1,-1,2,7,898),
  (408,'2017-11-18 15:25:00',1,-1,8,15,244),
  (409,'2017-11-18 15:25:03',1,-1,1,8,866),
  (410,'2017-11-18 15:26:03',1,-1,2,9,2748),
  (411,'2017-11-18 16:01:56',1,-1,12,5,98),
  (412,'2017-11-18 16:03:15',1,-1,2,7,875),
  (413,'2017-11-18 16:03:43',1,-1,1,8,845),
  (414,'2017-11-18 16:04:06',1,-1,8,15,243),
  (415,'2017-11-18 16:04:43',1,-1,2,9,2678),
  (416,'2017-11-18 16:14:19',1,-1,12,5,137),
  (417,'2017-11-18 16:15:27',1,-1,2,7,908),
  (418,'2017-11-18 16:16:01',1,-1,1,8,798),
  (419,'2017-11-18 16:16:28',1,-1,8,15,250),
  (420,'2017-11-18 16:17:02',1,-1,2,9,2731),
  (421,'2017-11-20 08:14:17',1,-1,2,7,903),
  (422,'2017-11-20 08:14:54',1,-1,1,8,831),
  (423,'2017-11-20 08:15:09',1,-1,8,15,244),
  (424,'2017-11-20 08:15:52',1,-1,2,9,2729),
  (425,'2017-11-20 08:19:10',1,-1,12,5,106),
  (426,'2017-11-20 08:19:58',1,-1,12,5,-92),
  (427,'2017-11-20 08:27:27',1,-1,12,5,191),
  (428,'2017-11-20 08:28:49',1,-1,2,7,872),
  (429,'2017-11-20 08:29:25',1,-1,1,8,879),
  (430,'2017-11-20 08:29:25',1,-1,8,15,253),
  (431,'2017-11-20 08:30:21',1,-1,2,9,2705),
  (432,'2017-11-20 08:32:35',1,-1,12,5,198),
  (433,'2017-11-20 08:33:51',1,-1,2,7,802),
  (434,'2017-11-20 08:34:28',1,-1,1,8,878),
  (435,'2017-11-20 08:35:19',1,-1,2,9,2618),
  (436,'2017-11-20 08:35:26',1,-1,8,15,243),
  (437,'2017-11-20 08:39:35',1,-1,12,5,189),
  (438,'2017-11-20 08:41:01',1,-1,2,7,908),
  (439,'2017-11-20 08:41:35',1,-1,1,8,862),
  (440,'2017-11-20 08:42:25',1,-1,8,15,243),
  (441,'2017-11-20 08:42:33',1,-1,2,9,2721),
  (442,'2017-11-20 08:46:34',1,-1,12,5,205),
  (443,'2017-11-20 08:47:52',1,-1,2,7,896),
  (444,'2017-11-20 08:48:26',1,-1,1,8,868),
  (445,'2017-11-20 08:49:25',1,-1,8,15,243),
  (446,'2017-11-20 08:49:28',1,-1,2,9,2729),
  (447,'2017-11-20 08:53:39',1,-1,12,5,189),
  (448,'2017-11-20 08:55:04',1,-1,2,7,897),
  (449,'2017-11-20 08:55:39',1,-1,1,8,883),
  (450,'2017-11-20 08:56:36',1,-1,8,15,252),
  (451,'2017-11-20 08:56:39',1,-1,2,9,2745),
  (452,'2017-11-20 09:00:56',1,-1,12,5,193),
  (453,'2017-11-20 09:02:20',1,-1,2,7,907),
  (454,'2017-11-20 09:02:52',1,-1,1,8,862),
  (455,'2017-11-20 09:03:48',1,-1,8,15,246),
  (456,'2017-11-20 09:03:52',1,-1,2,9,2747),
  (457,'2017-11-20 09:08:05',1,-1,12,5,195),
  (458,'2017-11-20 09:09:29',1,-1,2,7,890),
  (459,'2017-11-20 09:10:05',1,-1,1,8,728),
  (460,'2017-11-20 09:11:02',1,-1,2,9,2731),
  (461,'2017-11-20 09:11:02',1,-1,8,15,245),
  (462,'2017-11-20 09:15:34',1,-1,12,5,200),
  (463,'2017-11-20 09:16:56',1,-1,2,7,882),
  (464,'2017-11-20 09:17:30',1,-1,1,8,871),
  (465,'2017-11-20 09:18:27',1,-1,2,9,2729),
  (466,'2017-11-20 09:18:27',1,-1,8,15,244),
  (467,'2017-11-20 09:23:02',1,-1,12,5,197),
  (468,'2017-11-20 09:24:25',1,-1,2,7,886),
  (469,'2017-11-20 09:25:00',1,-1,1,8,820),
  (470,'2017-11-20 09:25:53',1,-1,8,15,247),
  (471,'2017-11-20 09:26:00',1,-1,2,9,2725),
  (472,'2017-11-20 09:30:31',1,-1,12,5,205),
  (473,'2017-11-20 09:31:47',1,-1,2,7,889),
  (474,'2017-11-20 09:32:17',1,-1,1,8,848),
  (475,'2017-11-20 09:33:17',1,-1,2,9,2737),
  (476,'2017-11-20 09:33:17',1,-1,8,15,242),
  (477,'2017-11-20 09:38:56',1,-1,5,12,37),
  (478,'2017-11-20 09:46:33',1,-1,12,5,389),
  (479,'2017-11-20 09:47:05',1,-1,11,6,464),
  (480,'2017-11-20 09:48:27',1,-1,1,8,2501),
  (481,'2017-11-20 09:49:08',1,-1,2,9,1302),
  (482,'2017-11-20 09:50:55',1,-1,5,12,148),
  (483,'2017-11-20 09:50:59',1,-1,12,5,396),
  (484,'2017-11-20 09:51:29',1,-1,11,6,487),
  (485,'2017-11-20 09:52:45',1,-1,1,8,2412),
  (486,'2017-11-20 09:53:12',1,-1,5,12,147),
  (487,'2017-11-20 09:53:27',1,-1,2,9,1356),
  (488,'2017-11-20 09:57:43',1,-1,12,5,400),
  (489,'2017-11-20 09:58:12',1,-1,11,6,508),
  (490,'2017-11-20 09:59:27',1,-1,1,8,2314),
  (491,'2017-11-20 09:59:53',1,-1,5,12,150),
  (492,'2017-11-20 10:00:10',1,-1,2,9,1347),
  (493,'2017-11-20 10:04:16',1,-1,12,5,403),
  (494,'2017-11-20 10:04:45',1,-1,11,6,491),
  (495,'2017-11-20 10:05:59',1,-1,1,8,2417),
  (496,'2017-11-20 10:06:21',1,-1,5,12,145),
  (497,'2017-11-20 10:06:37',1,-1,2,9,1249),
  (498,'2017-11-20 10:12:18',1,-1,12,5,401),
  (499,'2017-11-20 10:12:45',1,-1,11,6,439),
  (500,'2017-11-20 10:13:54',1,-1,5,12,147),
  (501,'2017-11-20 10:15:15',1,-1,1,8,2154);

COMMIT;

#
# Data for the `oborot` table  (LIMIT 500,500)
#

INSERT INTO `oborot` (`nRec`, `Last_Date`, `Last_User`, `nRecept`, `nProduct`, `nBunker`, `Val`) VALUES 
  (502,'2017-11-20 11:25:36',1,-1,1,8,806),
  (503,'2017-11-20 11:26:18',1,-1,2,9,1341),
  (504,'2017-11-20 11:29:53',1,-1,12,5,404),
  (505,'2017-11-20 11:30:23',1,-1,11,6,504),
  (506,'2017-11-20 11:31:05',1,-1,5,12,150),
  (507,'2017-11-20 11:31:41',1,-1,1,8,2489),
  (508,'2017-11-20 11:32:23',1,-1,2,9,1341),
  (509,'2017-11-20 11:35:43',1,-1,12,5,396),
  (510,'2017-11-20 11:36:11',1,-1,11,6,495),
  (511,'2017-11-20 11:37:32',1,-1,1,8,2509),
  (512,'2017-11-20 11:37:48',1,-1,5,12,147),
  (513,'2017-11-20 11:38:16',1,-1,2,9,1360),
  (514,'2017-11-20 11:42:29',1,-1,12,5,399),
  (515,'2017-11-20 11:43:00',1,-1,11,6,485),
  (516,'2017-11-20 11:44:19',1,-1,1,8,2497),
  (517,'2017-11-20 11:44:33',1,-1,5,12,150),
  (518,'2017-11-20 11:45:01',1,-1,2,9,1356),
  (519,'2017-11-20 11:49:19',1,-1,12,5,400),
  (520,'2017-11-20 11:49:48',1,-1,11,6,498),
  (521,'2017-11-20 11:51:07',1,-1,1,8,2494),
  (522,'2017-11-20 11:51:26',1,-1,5,12,151),
  (523,'2017-11-20 11:51:49',1,-1,2,9,1341),
  (524,'2017-11-20 11:56:12',1,-1,12,5,399),
  (525,'2017-11-20 11:56:41',1,-1,11,6,497),
  (526,'2017-11-20 11:57:59',1,-1,1,8,2499),
  (527,'2017-11-20 11:58:17',1,-1,5,12,151),
  (528,'2017-11-20 11:58:40',1,-1,2,9,1347),
  (529,'2017-11-20 12:02:57',1,-1,12,5,401),
  (530,'2017-11-20 12:03:25',1,-1,11,6,491),
  (531,'2017-11-20 12:04:43',1,-1,1,8,2508),
  (532,'2017-11-20 12:05:02',1,-1,5,12,149),
  (533,'2017-11-20 12:05:30',1,-1,2,9,1351),
  (534,'2017-11-20 12:09:42',1,-1,12,5,398),
  (535,'2017-11-20 12:10:11',1,-1,11,6,502),
  (536,'2017-11-20 12:11:29',1,-1,1,8,2503),
  (537,'2017-11-20 12:11:47',1,-1,5,12,146),
  (538,'2017-11-20 12:12:11',1,-1,2,9,1363),
  (539,'2017-11-20 12:16:18',1,-1,12,5,402),
  (540,'2017-11-20 12:16:47',1,-1,11,6,495),
  (541,'2017-11-20 12:18:03',1,-1,1,8,2502),
  (542,'2017-11-20 12:18:19',1,-1,5,12,151),
  (543,'2017-11-20 12:18:45',1,-1,2,9,1351),
  (544,'2017-11-20 12:22:48',1,-1,12,5,387),
  (545,'2017-11-20 12:23:20',1,-1,11,6,496),
  (546,'2017-11-20 12:24:34',1,-1,1,8,2508),
  (547,'2017-11-20 12:24:57',1,-1,5,12,154),
  (548,'2017-11-20 12:25:16',1,-1,2,9,1345),
  (549,'2017-11-20 12:29:29',1,-1,12,5,403),
  (550,'2017-11-20 12:29:58',1,-1,11,6,497),
  (551,'2017-11-20 12:31:10',1,-1,1,8,2500),
  (552,'2017-11-20 12:31:31',1,-1,5,12,145),
  (553,'2017-11-20 12:31:54',1,-1,2,9,1288),
  (554,'2017-11-20 12:35:59',1,-1,12,5,393),
  (555,'2017-11-20 12:36:28',1,-1,11,6,494),
  (556,'2017-11-20 12:37:39',1,-1,1,8,2502),
  (557,'2017-11-20 12:38:02',1,-1,5,12,148),
  (558,'2017-11-20 12:38:22',1,-1,2,9,1354),
  (559,'2017-11-20 12:42:34',1,-1,12,5,398),
  (560,'2017-11-20 12:43:03',1,-1,11,6,495),
  (561,'2017-11-20 12:44:14',1,-1,1,8,2492),
  (562,'2017-11-20 12:44:36',1,-1,5,12,150),
  (563,'2017-11-20 12:44:56',1,-1,2,9,1335),
  (564,'2017-11-20 12:49:00',1,-1,12,5,383),
  (565,'2017-11-20 12:49:30',1,-1,11,6,485),
  (566,'2017-11-20 12:50:41',1,-1,1,8,2515),
  (567,'2017-11-20 12:51:06',1,-1,5,12,152),
  (568,'2017-11-20 12:51:23',1,-1,2,9,1352),
  (569,'2017-11-20 12:55:34',1,-1,12,5,400),
  (570,'2017-11-20 12:56:04',1,-1,11,6,500),
  (571,'2017-11-20 12:57:14',1,-1,1,8,2493),
  (572,'2017-11-20 12:57:37',1,-1,5,12,149),
  (573,'2017-11-20 12:57:56',1,-1,2,9,1362),
  (574,'2017-11-20 13:02:09',1,-1,12,5,391),
  (575,'2017-11-20 13:02:38',1,-1,11,6,497),
  (576,'2017-11-20 13:03:47',1,-1,1,8,2507),
  (577,'2017-11-20 13:04:11',1,-1,5,12,149),
  (578,'2017-11-20 13:04:30',1,-1,2,9,1361),
  (579,'2017-11-20 13:08:40',1,-1,12,5,406),
  (580,'2017-11-20 13:09:10',1,-1,11,6,508),
  (581,'2017-11-20 13:10:19',1,-1,1,8,2493),
  (582,'2017-11-20 13:10:45',1,-1,5,12,149),
  (583,'2017-11-20 13:11:02',1,-1,2,9,1339),
  (584,'2017-11-20 13:15:16',1,-1,12,5,404),
  (585,'2017-11-20 13:15:45',1,-1,11,6,493),
  (586,'2017-11-20 13:16:55',1,-1,1,8,2501),
  (587,'2017-11-20 13:17:20',1,-1,5,12,148),
  (588,'2017-11-20 13:17:36',1,-1,2,9,1345),
  (589,'2017-11-20 13:21:58',1,-1,12,5,398),
  (590,'2017-11-20 13:22:28',1,-1,11,6,490),
  (591,'2017-11-20 13:23:38',1,-1,1,8,2500),
  (592,'2017-11-20 13:23:56',1,-1,5,12,145),
  (593,'2017-11-20 13:24:19',1,-1,2,9,1360),
  (594,'2017-11-20 13:28:25',1,-1,12,5,398),
  (595,'2017-11-20 13:28:55',1,-1,11,6,504),
  (596,'2017-11-20 13:30:04',1,-1,1,8,2505),
  (597,'2017-11-20 13:30:29',1,-1,5,12,149),
  (598,'2017-11-20 13:30:47',1,-1,2,9,1345),
  (599,'2017-11-20 13:34:56',1,-1,12,5,396),
  (600,'2017-11-20 13:35:27',1,-1,11,6,496),
  (601,'2017-11-20 13:36:36',1,-1,1,8,2502),
  (602,'2017-11-20 13:37:02',1,-1,5,12,149),
  (603,'2017-11-20 13:37:19',1,-1,2,9,1351),
  (604,'2017-11-20 13:41:30',1,-1,12,5,391),
  (605,'2017-11-20 13:42:00',1,-1,11,6,486),
  (606,'2017-11-20 13:43:10',1,-1,1,8,2491),
  (607,'2017-11-20 13:43:33',1,-1,5,12,149),
  (608,'2017-11-20 13:43:52',1,-1,2,9,1355),
  (609,'2017-11-20 13:48:03',1,-1,12,5,387),
  (610,'2017-11-20 13:48:32',1,-1,11,6,503),
  (611,'2017-11-20 13:49:45',1,-1,1,8,2518),
  (612,'2017-11-20 13:50:05',1,-1,5,12,148),
  (613,'2017-11-20 13:50:27',1,-1,2,9,1351),
  (614,'2017-11-20 13:54:34',1,-1,12,5,401),
  (615,'2017-11-20 13:55:04',1,-1,11,6,515),
  (616,'2017-11-20 13:56:18',1,-1,1,8,2510),
  (617,'2017-11-20 13:56:31',1,-1,5,12,149),
  (618,'2017-11-20 13:56:59',1,-1,2,9,1333),
  (619,'2017-11-20 14:00:57',1,-1,12,5,411),
  (620,'2017-11-20 14:01:26',1,-1,11,6,490),
  (621,'2017-11-20 14:02:41',1,-1,1,8,2495),
  (622,'2017-11-20 14:03:00',1,-1,5,12,147),
  (623,'2017-11-20 14:03:23',1,-1,2,9,1339),
  (624,'2017-11-20 14:07:38',1,-1,12,5,402),
  (625,'2017-11-20 14:08:06',1,-1,11,6,464),
  (626,'2017-11-20 14:09:23',1,-1,1,8,2511),
  (627,'2017-11-20 14:09:36',1,-1,5,12,149),
  (628,'2017-11-20 14:10:03',1,-1,2,9,1343),
  (629,'2017-11-20 14:14:10',1,-1,12,5,387),
  (630,'2017-11-20 14:14:40',1,-1,11,6,507),
  (631,'2017-11-20 14:15:54',1,-1,1,8,2503),
  (632,'2017-11-20 14:16:07',1,-1,5,12,148),
  (633,'2017-11-20 14:16:35',1,-1,2,9,1336),
  (634,'2017-11-20 14:20:40',1,-1,12,5,392),
  (635,'2017-11-20 14:21:11',1,-1,11,6,496),
  (636,'2017-11-20 14:22:25',1,-1,1,8,2511),
  (637,'2017-11-20 14:22:41',1,-1,5,12,148),
  (638,'2017-11-20 14:23:07',1,-1,2,9,1352),
  (639,'2017-11-20 14:27:15',1,-1,12,5,399),
  (640,'2017-11-20 14:27:45',1,-1,11,6,498),
  (641,'2017-11-20 14:28:58',1,-1,1,8,2501),
  (642,'2017-11-20 14:29:17',1,-1,5,12,148),
  (643,'2017-11-20 14:29:39',1,-1,2,9,1348),
  (644,'2017-11-20 14:33:50',1,-1,12,5,403),
  (645,'2017-11-20 14:34:21',1,-1,11,6,498),
  (646,'2017-11-20 14:35:32',1,-1,1,8,2494),
  (647,'2017-11-20 14:35:51',1,-1,5,12,151),
  (648,'2017-11-20 14:36:14',1,-1,2,9,1341),
  (649,'2017-11-20 14:40:24',1,-1,12,5,396),
  (650,'2017-11-20 14:40:53',1,-1,11,6,483),
  (651,'2017-11-20 14:42:05',1,-1,1,8,2500),
  (652,'2017-11-20 14:42:27',1,-1,5,12,150),
  (653,'2017-11-20 14:42:47',1,-1,2,9,1353),
  (654,'2017-11-20 14:46:58',1,-1,12,5,402),
  (655,'2017-11-20 14:47:29',1,-1,11,6,495),
  (656,'2017-11-20 14:48:38',1,-1,1,8,2499),
  (657,'2017-11-20 14:48:58',1,-1,5,12,147),
  (658,'2017-11-20 14:49:21',1,-1,2,9,1345),
  (659,'2017-11-20 14:53:26',1,-1,12,5,393),
  (660,'2017-11-20 14:53:56',1,-1,11,6,477),
  (661,'2017-11-20 14:55:07',1,-1,1,8,2501),
  (662,'2017-11-20 14:55:30',1,-1,5,12,150),
  (663,'2017-11-20 14:55:49',1,-1,2,9,1349),
  (664,'2017-11-20 14:59:52',1,-1,12,5,403),
  (665,'2017-11-20 15:00:22',1,-1,11,6,399),
  (666,'2017-11-20 15:01:33',1,-1,1,8,2502),
  (667,'2017-11-20 15:02:00',1,-1,5,12,149),
  (668,'2017-11-20 15:02:16',1,-1,2,9,1352),
  (669,'2017-11-20 15:06:25',1,-1,12,5,393),
  (670,'2017-11-20 15:06:54',1,-1,11,6,497),
  (671,'2017-11-20 15:08:03',1,-1,1,8,2489),
  (672,'2017-11-20 15:08:26',1,-1,5,12,148),
  (673,'2017-11-20 15:08:46',1,-1,2,9,1348),
  (674,'2017-11-20 15:12:59',1,-1,12,5,398),
  (675,'2017-11-20 15:13:29',1,-1,11,6,498),
  (676,'2017-11-20 15:14:40',1,-1,1,8,2507),
  (677,'2017-11-20 15:15:01',1,-1,5,12,150),
  (678,'2017-11-20 15:15:21',1,-1,2,9,1338),
  (679,'2017-11-20 15:19:26',1,-1,12,5,397),
  (680,'2017-11-20 15:19:54',1,-1,11,6,472),
  (681,'2017-11-20 15:21:04',1,-1,1,8,2494),
  (682,'2017-11-20 15:21:33',1,-1,5,12,148),
  (683,'2017-11-20 15:21:47',1,-1,2,9,1345),
  (684,'2017-11-20 15:25:57',1,-1,12,5,396),
  (685,'2017-11-20 15:26:28',1,-1,11,6,512),
  (686,'2017-11-20 15:27:37',1,-1,1,8,2499),
  (687,'2017-11-20 15:28:02',1,-1,5,12,149),
  (688,'2017-11-20 15:28:19',1,-1,2,9,1354),
  (689,'2017-11-20 15:32:24',1,-1,12,5,399),
  (690,'2017-11-20 15:32:53',1,-1,11,6,484),
  (691,'2017-11-20 15:34:03',1,-1,1,8,2500),
  (692,'2017-11-20 15:34:32',1,-1,5,12,150),
  (693,'2017-11-20 15:34:43',1,-1,2,9,1335),
  (694,'2017-11-20 15:39:03',1,-1,12,5,395),
  (695,'2017-11-20 15:39:32',1,-1,11,6,495),
  (696,'2017-11-20 15:40:41',1,-1,1,8,2497),
  (697,'2017-11-20 15:41:08',1,-1,5,12,149),
  (698,'2017-11-20 15:41:25',1,-1,2,9,1348),
  (699,'2017-11-20 15:45:29',1,-1,12,5,403),
  (700,'2017-11-20 15:45:58',1,-1,11,6,486),
  (701,'2017-11-20 15:47:08',1,-1,1,8,2502),
  (702,'2017-11-20 15:47:36',1,-1,5,12,150),
  (703,'2017-11-20 15:47:50',1,-1,2,9,1340),
  (704,'2017-11-20 15:52:06',1,-1,12,5,395),
  (705,'2017-11-20 15:52:36',1,-1,11,6,497),
  (706,'2017-11-20 15:53:45',1,-1,1,8,2501),
  (707,'2017-11-20 15:54:11',1,-1,5,12,149),
  (708,'2017-11-20 15:54:26',1,-1,2,9,1333),
  (709,'2017-11-20 15:58:37',1,-1,12,5,397),
  (710,'2017-11-20 15:59:08',1,-1,11,6,495),
  (711,'2017-11-20 16:00:16',1,-1,1,8,2495),
  (712,'2017-11-20 16:00:40',1,-1,5,12,147),
  (713,'2017-11-20 16:00:58',1,-1,2,9,1342),
  (714,'2017-11-20 16:05:05',1,-1,12,5,396),
  (715,'2017-11-20 16:05:35',1,-1,11,6,511),
  (716,'2017-11-20 16:06:45',1,-1,1,8,2499),
  (717,'2017-11-20 16:07:15',1,-1,5,12,151),
  (718,'2017-11-20 16:07:28',1,-1,2,9,1350),
  (719,'2017-11-20 16:11:36',1,-1,12,5,397),
  (720,'2017-11-20 16:12:06',1,-1,11,6,487),
  (721,'2017-11-20 16:13:15',1,-1,1,8,2515),
  (722,'2017-11-20 16:13:44',1,-1,5,12,149),
  (723,'2017-11-20 16:13:59',1,-1,2,9,1358),
  (724,'2017-11-20 16:18:14',1,-1,12,5,399),
  (725,'2017-11-20 16:18:42',1,-1,11,6,485),
  (726,'2017-11-20 16:19:50',1,-1,1,8,2491),
  (727,'2017-11-20 16:20:17',1,-1,5,12,147),
  (728,'2017-11-20 16:20:32',1,-1,2,9,1345),
  (729,'2017-11-20 18:09:55',1,-1,12,5,264),
  (730,'2017-11-20 18:10:25',1,-1,11,6,597),
  (731,'2017-11-20 18:11:22',1,-1,1,8,1906),
  (732,'2017-11-20 18:11:59',1,-1,7,14,224),
  (733,'2017-11-20 18:12:12',1,-1,2,9,1919),
  (734,'2017-11-20 18:17:50',1,-1,12,5,238),
  (735,'2017-11-20 18:18:23',1,-1,11,6,602),
  (736,'2017-11-20 18:19:13',1,-1,1,8,1900),
  (737,'2017-11-20 18:20:00',1,-1,2,9,1905),
  (738,'2017-11-20 18:20:02',1,-1,7,14,222),
  (739,'2017-11-20 18:25:06',1,-1,12,5,237),
  (740,'2017-11-20 18:25:35',1,-1,11,6,590),
  (741,'2017-11-20 18:26:23',1,-1,1,8,1839),
  (742,'2017-11-20 18:27:09',1,-1,2,9,1905),
  (743,'2017-11-20 18:30:09',1,-1,7,14,226),
  (744,'2017-11-20 18:32:10',1,-1,12,5,252),
  (745,'2017-11-20 18:32:40',1,-1,11,6,561),
  (746,'2017-11-20 18:33:39',1,-1,1,8,1898),
  (747,'2017-11-20 18:34:29',1,-1,2,9,1920),
  (748,'2017-11-20 18:36:17',1,-1,7,14,226),
  (749,'2017-11-20 18:45:59',1,-1,12,5,247),
  (750,'2017-11-20 18:46:33',1,-1,11,6,577),
  (751,'2017-11-20 18:47:28',1,-1,1,8,1891),
  (752,'2017-11-20 18:47:59',1,-1,7,14,224),
  (753,'2017-11-20 18:48:11',1,-1,2,9,1950),
  (754,'2017-11-20 18:50:21',1,-1,12,5,239),
  (755,'2017-11-20 18:50:51',1,-1,11,6,580),
  (756,'2017-11-20 18:51:50',1,-1,1,8,1904),
  (757,'2017-11-20 18:52:34',1,-1,2,9,1757),
  (758,'2017-11-20 18:55:10',1,-1,7,14,225),
  (759,'2017-11-21 07:53:54',1,-1,12,5,251),
  (760,'2017-11-21 07:54:26',1,-1,11,6,597),
  (761,'2017-11-21 07:55:27',1,-1,1,8,1914),
  (762,'2017-11-21 07:55:53',1,-1,7,14,223),
  (763,'2017-11-21 07:56:16',1,-1,2,9,1881),
  (764,'2017-11-21 07:57:54',1,-1,12,5,245),
  (765,'2017-11-21 07:58:26',1,-1,11,6,596),
  (766,'2017-11-21 07:59:25',1,-1,1,8,1903),
  (767,'2017-11-21 08:00:14',1,-1,2,9,1910),
  (768,'2017-11-21 08:00:53',1,-1,7,14,222),
  (769,'2017-11-21 08:03:50',1,-1,12,5,250),
  (770,'2017-11-21 08:04:21',1,-1,11,6,598),
  (771,'2017-11-21 08:05:21',1,-1,1,8,1907),
  (772,'2017-11-21 08:06:12',1,-1,2,9,1933),
  (773,'2017-11-21 08:06:44',1,-1,7,14,222),
  (774,'2017-11-21 08:09:44',1,-1,12,5,248),
  (775,'2017-11-21 08:10:17',1,-1,11,6,606),
  (776,'2017-11-21 08:11:18',1,-1,1,8,1887),
  (777,'2017-11-21 08:12:08',1,-1,2,9,1922),
  (778,'2017-11-21 08:12:42',1,-1,7,14,223),
  (779,'2017-11-21 08:15:47',1,-1,12,5,240),
  (780,'2017-11-21 08:16:17',1,-1,11,6,593),
  (781,'2017-11-21 08:17:18',1,-1,1,8,1902),
  (782,'2017-11-21 08:18:09',1,-1,2,9,1929),
  (783,'2017-11-21 08:18:47',1,-1,7,14,224),
  (784,'2017-11-21 08:21:51',1,-1,12,5,240),
  (785,'2017-11-21 08:22:22',1,-1,11,6,595),
  (786,'2017-11-21 08:23:23',1,-1,1,8,1901),
  (787,'2017-11-21 08:24:13',1,-1,2,9,1910),
  (788,'2017-11-21 08:24:51',1,-1,7,14,224),
  (789,'2017-11-21 08:28:04',1,-1,12,5,254),
  (790,'2017-11-21 08:28:35',1,-1,11,6,602),
  (791,'2017-11-21 08:29:36',1,-1,1,8,1910),
  (792,'2017-11-21 08:30:28',1,-1,2,9,1919),
  (793,'2017-11-21 08:31:00',1,-1,7,14,223),
  (794,'2017-11-21 08:35:54',1,-1,12,5,241),
  (795,'2017-11-21 08:36:25',1,-1,11,6,593),
  (796,'2017-11-21 08:37:24',1,-1,1,8,1893),
  (797,'2017-11-21 08:37:56',1,-1,7,14,223),
  (798,'2017-11-21 08:38:14',1,-1,2,9,1914),
  (799,'2017-11-21 08:41:26',1,-1,12,5,253),
  (800,'2017-11-21 08:41:59',1,-1,11,6,597),
  (801,'2017-11-21 08:42:58',1,-1,1,8,1903),
  (802,'2017-11-21 08:43:48',1,-1,2,9,1923),
  (803,'2017-11-21 08:44:21',1,-1,7,14,223),
  (804,'2017-11-21 08:47:54',1,-1,12,5,249),
  (805,'2017-11-21 08:48:24',1,-1,11,6,596),
  (806,'2017-11-21 08:49:26',1,-1,1,8,1901),
  (807,'2017-11-21 08:50:15',1,-1,2,9,1920),
  (808,'2017-11-21 08:50:50',1,-1,7,14,224),
  (809,'2017-11-21 08:54:21',1,-1,12,5,241),
  (810,'2017-11-21 08:54:54',1,-1,11,6,599),
  (811,'2017-11-21 08:55:57',1,-1,1,8,1912),
  (812,'2017-11-21 08:56:46',1,-1,2,9,1922),
  (813,'2017-11-21 08:57:15',1,-1,7,14,220),
  (814,'2017-11-21 09:00:48',1,-1,12,5,245),
  (815,'2017-11-21 09:01:19',1,-1,11,6,598),
  (816,'2017-11-21 09:02:18',1,-1,1,8,1891),
  (817,'2017-11-21 09:03:08',1,-1,2,9,1921),
  (818,'2017-11-21 09:03:50',1,-1,7,14,225),
  (819,'2017-11-21 09:07:17',1,-1,12,5,252),
  (820,'2017-11-21 09:07:51',1,-1,11,6,609),
  (821,'2017-11-21 09:08:52',1,-1,1,8,1909),
  (822,'2017-11-21 09:09:41',1,-1,2,9,1921),
  (823,'2017-11-21 09:10:12',1,-1,7,14,223),
  (824,'2017-11-21 09:13:48',1,-1,12,5,231),
  (825,'2017-11-21 09:14:19',1,-1,11,6,594),
  (826,'2017-11-21 09:15:20',1,-1,1,8,1889),
  (827,'2017-11-21 09:16:10',1,-1,2,9,1930),
  (828,'2017-11-21 09:16:44',1,-1,7,14,226),
  (829,'2017-11-21 09:20:19',1,-1,12,5,245),
  (830,'2017-11-21 09:20:52',1,-1,11,6,591),
  (831,'2017-11-21 09:21:52',1,-1,1,8,1896),
  (832,'2017-11-21 09:22:40',1,-1,2,9,1915),
  (833,'2017-11-21 09:23:14',1,-1,7,14,225),
  (834,'2017-11-21 09:26:44',1,-1,12,5,246),
  (835,'2017-11-21 09:27:17',1,-1,11,6,595),
  (836,'2017-11-21 09:28:18',1,-1,1,8,1903),
  (837,'2017-11-21 09:29:08',1,-1,2,9,1911),
  (838,'2017-11-21 09:29:41',1,-1,7,14,223),
  (839,'2017-11-21 10:36:52',1,-1,12,5,200),
  (840,'2017-11-21 10:38:13',1,-1,2,7,877),
  (841,'2017-11-21 10:38:40',1,-1,1,8,886),
  (842,'2017-11-21 10:38:49',1,-1,8,15,252),
  (843,'2017-11-21 10:39:41',1,-1,2,9,2747),
  (844,'2017-11-21 10:40:55',1,-1,12,5,196),
  (845,'2017-11-21 10:42:20',1,-1,2,7,890),
  (846,'2017-11-21 10:42:55',1,-1,1,8,875),
  (847,'2017-11-21 10:43:50',1,-1,8,15,249),
  (848,'2017-11-21 10:43:54',1,-1,2,9,2716),
  (849,'2017-11-21 10:47:35',1,-1,12,5,194),
  (850,'2017-11-21 10:48:56',1,-1,2,7,901),
  (851,'2017-11-21 10:49:29',1,-1,1,8,871),
  (852,'2017-11-21 10:50:30',1,-1,2,9,2754),
  (853,'2017-11-21 10:50:31',1,-1,8,15,248),
  (854,'2017-11-21 10:54:16',1,-1,12,5,200),
  (855,'2017-11-21 10:54:55',1,-1,2,7,566),
  (856,'2017-11-21 10:54:55',1,-1,8,15,1),
  (857,'2017-11-21 11:26:25',1,-1,2,7,304),
  (858,'2017-11-21 11:26:57',1,-1,1,8,884),
  (859,'2017-11-21 11:27:57',1,-1,2,9,2744),
  (860,'2017-11-21 11:29:00',1,-1,8,15,251),
  (861,'2017-11-21 11:30:17',1,-1,12,5,197),
  (862,'2017-11-21 11:31:43',1,-1,2,7,909),
  (863,'2017-11-21 11:32:17',1,-1,1,8,859),
  (864,'2017-11-21 11:33:18',1,-1,2,9,2764),
  (865,'2017-11-21 11:39:09',1,-1,8,15,219),
  (866,'2017-11-21 13:32:20',1,-1,12,5,199),
  (867,'2017-11-21 13:33:41',1,-1,2,7,874),
  (868,'2017-11-21 13:34:17',1,-1,1,8,870),
  (869,'2017-11-21 13:34:17',1,-1,8,15,250),
  (870,'2017-11-21 13:35:17',1,-1,2,9,2737),
  (871,'2017-11-21 13:36:36',1,-1,12,5,201),
  (872,'2017-11-21 13:37:57',1,-1,2,7,896),
  (873,'2017-11-21 13:38:33',1,-1,1,8,879),
  (874,'2017-11-21 13:39:27',1,-1,8,15,248),
  (875,'2017-11-21 13:39:33',1,-1,2,9,2755),
  (876,'2017-11-21 13:45:59',1,-1,12,5,185),
  (877,'2017-11-21 13:47:23',1,-1,2,7,900),
  (878,'2017-11-21 13:48:00',1,-1,1,8,885),
  (879,'2017-11-21 13:48:52',1,-1,8,15,248),
  (880,'2017-11-21 13:48:59',1,-1,2,9,2748),
  (881,'2017-11-21 13:57:47',1,-1,12,5,192),
  (882,'2017-11-21 13:59:14',1,-1,2,7,910),
  (883,'2017-11-21 13:59:47',1,-1,1,8,875),
  (884,'2017-11-21 14:00:39',1,-1,8,15,248),
  (885,'2017-11-21 14:00:49',1,-1,2,9,2753),
  (886,'2017-11-21 14:05:48',1,-1,12,5,195),
  (887,'2017-11-21 14:07:11',1,-1,2,7,903),
  (888,'2017-11-21 14:07:46',1,-1,1,8,875),
  (889,'2017-11-21 14:08:39',1,-1,8,15,249),
  (890,'2017-11-21 14:08:46',1,-1,2,9,2741),
  (891,'2017-11-21 14:15:42',1,-1,12,5,199),
  (892,'2017-11-21 14:17:01',1,-1,2,7,870),
  (893,'2017-11-21 14:17:36',1,-1,1,8,880),
  (894,'2017-11-21 14:17:39',1,-1,8,15,248),
  (895,'2017-11-21 14:18:37',1,-1,2,9,2751),
  (896,'2017-11-21 14:23:42',1,-1,12,5,202),
  (897,'2017-11-21 14:25:02',1,-1,2,7,890),
  (898,'2017-11-21 14:25:36',1,-1,1,8,872),
  (899,'2017-11-21 14:26:31',1,-1,8,15,248),
  (900,'2017-11-21 14:26:37',1,-1,2,9,2739),
  (901,'2017-11-21 14:36:41',1,-1,12,5,198),
  (902,'2017-11-21 14:38:01',1,-1,2,7,885),
  (903,'2017-11-21 14:38:36',1,-1,1,8,867),
  (904,'2017-11-21 14:39:36',1,-1,8,15,249),
  (905,'2017-11-21 14:39:37',1,-1,2,9,2760),
  (906,'2017-11-21 14:46:39',1,-1,12,5,204),
  (907,'2017-11-21 14:48:01',1,-1,2,7,890),
  (908,'2017-11-21 14:48:38',1,-1,1,8,881),
  (909,'2017-11-21 14:49:28',1,-1,8,15,246),
  (910,'2017-11-21 14:49:39',1,-1,2,9,2735),
  (911,'2017-11-21 14:54:56',1,-1,12,5,214),
  (912,'2017-11-21 14:56:16',1,-1,2,7,896),
  (913,'2017-11-21 14:56:49',1,-1,1,8,873),
  (914,'2017-11-21 14:57:47',1,-1,8,15,247),
  (915,'2017-11-21 14:57:52',1,-1,2,9,2731),
  (916,'2017-11-21 15:13:06',1,-1,12,5,396),
  (917,'2017-11-21 15:13:38',1,-1,11,6,481),
  (918,'2017-11-21 15:14:18',1,-1,5,12,151),
  (919,'2017-11-21 15:15:01',1,-1,1,8,2462),
  (920,'2017-11-21 15:15:45',1,-1,2,9,1347),
  (921,'2017-11-21 15:17:09',1,-1,12,5,400),
  (922,'2017-11-21 15:17:42',1,-1,11,6,491),
  (923,'2017-11-21 15:18:56',1,-1,1,8,2494),
  (924,'2017-11-21 15:19:17',1,-1,5,12,150),
  (925,'2017-11-21 15:19:39',1,-1,2,9,1308),
  (926,'2017-11-21 15:23:33',1,-1,12,5,401),
  (927,'2017-11-21 15:24:03',1,-1,11,6,468),
  (928,'2017-11-21 15:25:19',1,-1,1,8,2505),
  (929,'2017-11-21 15:25:40',1,-1,5,12,148),
  (930,'2017-11-21 15:26:01',1,-1,2,9,1330),
  (931,'2017-11-21 15:33:34',1,-1,12,5,398),
  (932,'2017-11-21 15:34:03',1,-1,11,6,493),
  (933,'2017-11-21 15:35:20',1,-1,1,8,2506),
  (934,'2017-11-21 15:35:39',1,-1,5,12,151),
  (935,'2017-11-21 15:36:02',1,-1,2,9,1345),
  (936,'2017-11-21 15:40:05',1,-1,12,5,402),
  (937,'2017-11-21 15:40:35',1,-1,11,6,496),
  (938,'2017-11-21 15:41:49',1,-1,1,8,2483),
  (939,'2017-11-21 15:42:12',1,-1,5,12,147),
  (940,'2017-11-21 15:42:33',1,-1,2,9,1316),
  (941,'2017-11-21 15:46:54',1,-1,12,5,396),
  (942,'2017-11-21 15:47:22',1,-1,11,6,494),
  (943,'2017-11-21 15:48:39',1,-1,1,8,2499),
  (944,'2017-11-21 15:49:00',1,-1,5,12,147),
  (945,'2017-11-21 15:49:24',1,-1,2,9,1346),
  (946,'2017-11-21 15:53:47',1,-1,12,5,398),
  (947,'2017-11-21 15:54:16',1,-1,11,6,494),
  (948,'2017-11-21 15:55:31',1,-1,1,8,2502),
  (949,'2017-11-21 15:55:54',1,-1,5,12,147),
  (950,'2017-11-21 15:56:17',1,-1,2,9,1359),
  (951,'2017-11-21 16:00:34',1,-1,12,5,379),
  (952,'2017-11-21 16:01:05',1,-1,11,6,487),
  (953,'2017-11-21 16:02:18',1,-1,1,8,2491),
  (954,'2017-11-21 16:02:41',1,-1,5,12,148),
  (955,'2017-11-21 16:03:04',1,-1,2,9,1355),
  (956,'2017-11-21 16:07:20',1,-1,12,5,396),
  (957,'2017-11-21 16:07:51',1,-1,11,6,492),
  (958,'2017-11-21 16:09:06',1,-1,1,8,2509),
  (959,'2017-11-21 16:09:28',1,-1,5,12,148),
  (960,'2017-11-21 16:09:49',1,-1,2,9,1343),
  (961,'2017-11-21 16:14:07',1,-1,12,5,399),
  (962,'2017-11-21 16:14:37',1,-1,11,6,504),
  (963,'2017-11-21 16:15:51',1,-1,1,8,2500),
  (964,'2017-11-21 16:16:16',1,-1,5,12,148),
  (965,'2017-11-21 16:16:35',1,-1,2,9,1340),
  (966,'2017-11-21 17:57:03',1,-1,12,5,25),
  (967,'2017-11-21 17:57:32',1,-1,11,6,499),
  (968,'2017-11-21 17:58:16',1,-1,5,12,108),
  (969,'2017-11-21 17:58:48',1,-1,1,8,2501),
  (970,'2017-11-21 17:59:32',1,-1,2,9,1340),
  (971,'2017-11-21 19:23:59',1,-1,12,5,391),
  (972,'2017-11-21 19:24:29',1,-1,11,6,498),
  (973,'2017-11-21 19:25:14',1,-1,5,12,147),
  (974,'2017-11-21 19:25:44',1,-1,1,8,2501),
  (975,'2017-11-21 19:26:21',1,-1,2,9,1327),
  (976,'2017-11-21 19:28:28',1,-1,12,5,396),
  (977,'2017-11-21 19:28:59',1,-1,11,6,500),
  (978,'2017-11-21 19:30:13',1,-1,1,8,2501),
  (979,'2017-11-21 19:30:42',1,-1,5,12,149),
  (980,'2017-11-21 19:30:56',1,-1,2,9,1307),
  (981,'2017-11-21 19:35:08',1,-1,12,5,397),
  (982,'2017-11-21 19:35:36',1,-1,11,6,479),
  (983,'2017-11-21 19:36:52',1,-1,1,8,2493),
  (984,'2017-11-21 19:37:19',1,-1,5,12,149),
  (985,'2017-11-21 19:37:38',1,-1,2,9,1350),
  (986,'2017-11-21 19:41:54',1,-1,12,5,399),
  (987,'2017-11-21 19:42:24',1,-1,11,6,508),
  (988,'2017-11-21 19:43:38',1,-1,1,8,2494),
  (989,'2017-11-21 19:44:05',1,-1,5,12,149),
  (990,'2017-11-21 19:44:24',1,-1,2,9,1351),
  (991,'2017-11-21 19:48:39',1,-1,12,5,387),
  (992,'2017-11-21 19:49:10',1,-1,11,6,493),
  (993,'2017-11-21 19:50:25',1,-1,1,8,2505),
  (994,'2017-11-21 19:50:51',1,-1,5,12,148),
  (995,'2017-11-21 19:51:11',1,-1,2,9,1345),
  (996,'2017-11-21 19:55:22',1,-1,12,5,404),
  (997,'2017-11-21 19:55:53',1,-1,11,6,485),
  (998,'2017-11-21 19:57:08',1,-1,1,8,2502),
  (999,'2017-11-21 19:57:34',1,-1,5,12,149),
  (1000,'2017-11-21 19:57:53',1,-1,2,9,1347),
  (1001,'2017-11-21 20:02:15',1,-1,12,5,399);

COMMIT;

#
# Data for the `oborot` table  (LIMIT 1000,500)
#

INSERT INTO `oborot` (`nRec`, `Last_Date`, `Last_User`, `nRecept`, `nProduct`, `nBunker`, `Val`) VALUES 
  (1002,'2017-11-21 20:02:45',1,-1,11,6,496),
  (1003,'2017-11-21 20:04:02',1,-1,1,8,2504),
  (1004,'2017-11-21 20:04:24',1,-1,5,12,147),
  (1005,'2017-11-21 20:04:44',1,-1,2,9,1336),
  (1006,'2017-11-21 20:09:04',1,-1,12,5,395),
  (1007,'2017-11-21 20:09:34',1,-1,11,6,502),
  (1008,'2017-11-21 20:10:48',1,-1,1,8,2475),
  (1009,'2017-11-21 20:11:13',1,-1,5,12,148),
  (1010,'2017-11-21 20:11:35',1,-1,2,9,1353),
  (1011,'2017-11-21 20:15:53',1,-1,12,5,403),
  (1012,'2017-11-21 20:16:21',1,-1,11,6,482),
  (1013,'2017-11-21 20:17:37',1,-1,1,8,2498),
  (1014,'2017-11-21 20:17:59',1,-1,5,12,148),
  (1015,'2017-11-21 20:18:23',1,-1,2,9,1345),
  (1016,'2017-11-21 20:22:38',1,-1,12,5,393),
  (1017,'2017-11-21 20:23:07',1,-1,11,6,475),
  (1018,'2017-11-21 20:24:23',1,-1,1,8,2497),
  (1019,'2017-11-21 20:24:43',1,-1,5,12,148),
  (1020,'2017-11-21 20:25:09',1,-1,2,9,1355),
  (1021,'2017-11-21 20:29:25',1,-1,12,5,398),
  (1022,'2017-11-21 20:29:56',1,-1,11,6,498),
  (1023,'2017-11-21 20:31:11',1,-1,1,8,2494),
  (1024,'2017-11-21 20:31:36',1,-1,5,12,147),
  (1025,'2017-11-21 20:31:56',1,-1,2,9,1338),
  (1026,'2017-11-21 20:36:14',1,-1,12,5,410),
  (1027,'2017-11-21 20:36:41',1,-1,11,6,466),
  (1028,'2017-11-21 20:37:57',1,-1,1,8,2497),
  (1029,'2017-11-21 20:38:20',1,-1,5,12,149),
  (1030,'2017-11-21 20:38:43',1,-1,2,9,1355),
  (1031,'2017-11-21 20:42:56',1,-1,12,5,397),
  (1032,'2017-11-21 20:43:26',1,-1,11,6,509),
  (1033,'2017-11-21 20:44:40',1,-1,1,8,2505),
  (1034,'2017-11-21 20:45:06',1,-1,5,12,149),
  (1035,'2017-11-21 20:45:26',1,-1,2,9,1351),
  (1036,'2017-11-21 20:49:42',1,-1,12,5,400),
  (1037,'2017-11-21 20:50:12',1,-1,11,6,504),
  (1038,'2017-11-21 20:51:25',1,-1,1,8,2501),
  (1039,'2017-11-21 20:51:48',1,-1,5,12,148),
  (1040,'2017-11-21 20:52:10',1,-1,2,9,1343),
  (1041,'2017-11-21 20:56:26',1,-1,12,5,399),
  (1042,'2017-11-21 20:56:57',1,-1,11,6,495),
  (1043,'2017-11-21 20:58:10',1,-1,1,8,2505),
  (1044,'2017-11-21 20:58:33',1,-1,5,12,149),
  (1045,'2017-11-21 20:58:55',1,-1,2,9,1344),
  (1046,'2017-11-21 21:03:07',1,-1,12,5,399),
  (1047,'2017-11-21 21:03:37',1,-1,11,6,495),
  (1048,'2017-11-21 21:04:51',1,-1,1,8,2498),
  (1049,'2017-11-21 21:05:16',1,-1,5,12,150),
  (1050,'2017-11-21 21:05:36',1,-1,2,9,1351),
  (1051,'2017-11-21 21:09:56',1,-1,12,5,401),
  (1052,'2017-11-21 21:10:24',1,-1,11,6,486),
  (1053,'2017-11-21 21:11:39',1,-1,1,8,2505),
  (1054,'2017-11-21 21:12:03',1,-1,5,12,146),
  (1055,'2017-11-21 21:12:24',1,-1,2,9,1348),
  (1056,'2017-11-21 21:16:47',1,-1,12,5,401),
  (1057,'2017-11-21 21:17:18',1,-1,11,6,501),
  (1058,'2017-11-21 21:18:30',1,-1,1,8,2496),
  (1059,'2017-11-21 21:18:51',1,-1,5,12,150),
  (1060,'2017-11-21 21:19:16',1,-1,2,9,1351),
  (1061,'2017-11-21 21:23:30',1,-1,12,5,401),
  (1062,'2017-11-21 21:23:59',1,-1,11,6,479),
  (1063,'2017-11-21 21:25:11',1,-1,1,8,2508),
  (1064,'2017-11-21 21:25:35',1,-1,5,12,148),
  (1065,'2017-11-21 21:25:56',1,-1,2,9,1347),
  (1066,'2017-11-21 21:30:09',1,-1,12,5,402),
  (1067,'2017-11-21 21:30:38',1,-1,11,6,496),
  (1068,'2017-11-21 21:31:49',1,-1,1,8,2483),
  (1069,'2017-11-21 21:32:15',1,-1,5,12,146),
  (1070,'2017-11-21 21:32:35',1,-1,2,9,1350),
  (1071,'2017-11-21 21:36:55',1,-1,12,5,406),
  (1072,'2017-11-21 21:37:23',1,-1,11,6,489),
  (1073,'2017-11-21 21:38:35',1,-1,1,8,2501),
  (1074,'2017-11-21 21:38:57',1,-1,5,12,147),
  (1075,'2017-11-21 21:39:23',1,-1,2,9,1352),
  (1076,'2017-11-21 21:43:36',1,-1,12,5,396),
  (1077,'2017-11-21 21:44:07',1,-1,11,6,517),
  (1078,'2017-11-21 21:45:19',1,-1,1,8,2497),
  (1079,'2017-11-21 21:45:45',1,-1,5,12,151),
  (1080,'2017-11-21 21:46:03',1,-1,2,9,1333),
  (1081,'2017-11-21 21:50:28',1,-1,12,5,401),
  (1082,'2017-11-21 21:50:57',1,-1,11,6,488),
  (1083,'2017-11-21 21:52:09',1,-1,1,8,2492),
  (1084,'2017-11-21 21:52:36',1,-1,5,12,151),
  (1085,'2017-11-21 21:52:53',1,-1,2,9,1349),
  (1086,'2017-11-21 21:57:02',1,-1,12,5,398),
  (1087,'2017-11-21 21:57:29',1,-1,11,6,481),
  (1088,'2017-11-21 21:58:43',1,-1,1,8,2510),
  (1089,'2017-11-21 21:59:08',1,-1,5,12,147),
  (1090,'2017-11-21 21:59:29',1,-1,2,9,1352),
  (1091,'2017-11-21 22:03:42',1,-1,12,5,396),
  (1092,'2017-11-21 22:04:13',1,-1,11,6,483),
  (1093,'2017-11-21 22:05:26',1,-1,1,8,2498),
  (1094,'2017-11-21 22:05:49',1,-1,5,12,150),
  (1095,'2017-11-21 22:06:12',1,-1,2,9,1349),
  (1096,'2017-11-21 22:10:33',1,-1,12,5,397),
  (1097,'2017-11-21 22:11:04',1,-1,11,6,485),
  (1098,'2017-11-21 22:12:16',1,-1,1,8,2504),
  (1099,'2017-11-21 22:12:39',1,-1,5,12,149),
  (1100,'2017-11-21 22:13:01',1,-1,2,9,1345),
  (1101,'2017-11-21 22:17:23',1,-1,12,5,408),
  (1102,'2017-11-21 22:17:54',1,-1,11,6,504),
  (1103,'2017-11-21 22:19:05',1,-1,1,8,2504),
  (1104,'2017-11-21 22:19:30',1,-1,5,12,148),
  (1105,'2017-11-21 22:19:50',1,-1,2,9,1348),
  (1106,'2017-11-21 22:24:04',1,-1,12,5,388),
  (1107,'2017-11-21 22:24:35',1,-1,11,6,499),
  (1108,'2017-11-21 22:25:46',1,-1,1,8,2499),
  (1109,'2017-11-21 22:26:13',1,-1,5,12,149),
  (1110,'2017-11-21 22:26:32',1,-1,2,9,1343),
  (1111,'2017-11-21 22:30:48',1,-1,12,5,396),
  (1112,'2017-11-21 22:31:19',1,-1,11,6,490),
  (1113,'2017-11-21 22:32:31',1,-1,1,8,2501),
  (1114,'2017-11-21 22:32:53',1,-1,5,12,149),
  (1115,'2017-11-21 22:33:17',1,-1,2,9,1351),
  (1116,'2017-11-21 22:37:30',1,-1,12,5,398),
  (1117,'2017-11-21 22:38:01',1,-1,11,6,501),
  (1118,'2017-11-21 22:39:14',1,-1,1,8,2502),
  (1119,'2017-11-21 22:39:39',1,-1,5,12,149),
  (1120,'2017-11-21 22:39:58',1,-1,2,9,1350),
  (1121,'2017-11-21 22:44:16',1,-1,12,5,400),
  (1122,'2017-11-21 22:44:48',1,-1,11,6,492),
  (1123,'2017-11-21 22:45:58',1,-1,1,8,2508),
  (1124,'2017-11-21 22:46:26',1,-1,5,12,148),
  (1125,'2017-11-21 22:46:44',1,-1,2,9,1332),
  (1126,'2017-11-21 22:51:11',1,-1,12,5,395),
  (1127,'2017-11-21 22:51:41',1,-1,11,6,495),
  (1128,'2017-11-21 22:52:52',1,-1,1,8,2491),
  (1129,'2017-11-21 22:53:17',1,-1,5,12,148),
  (1130,'2017-11-21 22:53:38',1,-1,2,9,1358),
  (1131,'2017-11-21 22:57:57',1,-1,12,5,400),
  (1132,'2017-11-21 22:58:27',1,-1,11,6,502),
  (1133,'2017-11-21 22:59:39',1,-1,1,8,2506),
  (1134,'2017-11-21 23:00:00',1,-1,5,12,146),
  (1135,'2017-11-21 23:00:27',1,-1,2,9,1354),
  (1136,'2017-11-21 23:04:36',1,-1,12,5,400),
  (1137,'2017-11-21 23:05:07',1,-1,11,6,495),
  (1138,'2017-11-21 23:06:19',1,-1,1,8,2495),
  (1139,'2017-11-21 23:06:45',1,-1,5,12,148),
  (1140,'2017-11-21 23:07:07',1,-1,2,9,1345),
  (1141,'2017-11-21 23:11:26',1,-1,12,5,408),
  (1142,'2017-11-21 23:11:57',1,-1,11,6,499),
  (1143,'2017-11-21 23:13:11',1,-1,1,8,2493),
  (1144,'2017-11-21 23:13:38',1,-1,5,12,146),
  (1145,'2017-11-21 23:13:56',1,-1,2,9,1331),
  (1146,'2017-11-21 23:18:14',1,-1,12,5,404),
  (1147,'2017-11-21 23:18:48',1,-1,11,6,484),
  (1148,'2017-11-21 23:20:01',1,-1,1,8,2494),
  (1149,'2017-11-21 23:20:25',1,-1,5,12,150),
  (1150,'2017-11-21 23:20:47',1,-1,2,9,1347),
  (1151,'2017-11-21 23:24:59',1,-1,12,5,395),
  (1152,'2017-11-21 23:25:30',1,-1,11,6,501),
  (1153,'2017-11-21 23:26:43',1,-1,1,8,2496),
  (1154,'2017-11-21 23:27:13',1,-1,5,12,148),
  (1155,'2017-11-21 23:27:29',1,-1,2,9,1344),
  (1156,'2017-11-21 23:31:52',1,-1,12,5,393),
  (1157,'2017-11-21 23:32:21',1,-1,11,6,496),
  (1158,'2017-11-21 23:33:35',1,-1,1,8,2501),
  (1159,'2017-11-21 23:34:05',1,-1,5,12,149),
  (1160,'2017-11-21 23:34:23',1,-1,2,9,1346),
  (1161,'2017-11-21 23:38:40',1,-1,12,5,406),
  (1162,'2017-11-21 23:39:11',1,-1,11,6,489),
  (1163,'2017-11-21 23:40:26',1,-1,1,8,2494),
  (1164,'2017-11-21 23:40:54',1,-1,5,12,147),
  (1165,'2017-11-21 23:41:11',1,-1,2,9,1350),
  (1166,'2017-11-21 23:45:28',1,-1,12,5,391),
  (1167,'2017-11-21 23:45:59',1,-1,11,6,495),
  (1168,'2017-11-21 23:47:14',1,-1,1,8,2510),
  (1169,'2017-11-21 23:47:45',1,-1,5,12,151),
  (1170,'2017-11-21 23:47:59',1,-1,2,9,1345),
  (1171,'2017-11-22 00:23:49',1,-1,12,5,423),
  (1172,'2017-11-22 00:24:13',1,-1,11,6,488),
  (1173,'2017-11-22 00:25:22',1,-1,1,8,2504),
  (1174,'2017-11-22 00:25:35',1,-1,5,12,148),
  (1175,'2017-11-22 00:26:06',1,-1,2,9,1343),
  (1176,'2017-11-22 00:28:54',1,-1,12,5,349),
  (1177,'2017-11-22 00:29:22',1,-1,11,6,515),
  (1178,'2017-11-22 00:30:21',1,-1,5,12,148),
  (1179,'2017-11-22 00:30:39',1,-1,1,8,2538),
  (1180,'2017-11-22 00:31:20',1,-1,2,9,1348),
  (1181,'2017-11-22 00:34:41',1,-1,12,5,387),
  (1182,'2017-11-22 00:35:12',1,-1,11,6,507),
  (1183,'2017-11-22 00:36:08',1,-1,5,12,150),
  (1184,'2017-11-22 00:36:25',1,-1,1,8,2441),
  (1185,'2017-11-22 00:37:03',1,-1,2,9,1316),
  (1186,'2017-11-22 00:41:04',1,-1,12,5,395),
  (1187,'2017-11-22 00:41:35',1,-1,11,6,502),
  (1188,'2017-11-22 00:42:27',1,-1,5,12,149),
  (1189,'2017-11-22 00:42:50',1,-1,1,8,2493),
  (1190,'2017-11-22 00:43:28',1,-1,2,9,1330),
  (1191,'2017-11-22 00:54:28',1,-1,12,5,243),
  (1192,'2017-11-22 00:54:58',1,-1,11,6,591),
  (1193,'2017-11-22 00:55:56',1,-1,1,8,1835),
  (1194,'2017-11-22 00:56:34',1,-1,7,14,226),
  (1195,'2017-11-22 00:56:49',1,-1,2,9,1890),
  (1196,'2017-11-22 00:58:00',1,-1,12,5,250),
  (1197,'2017-11-22 00:58:32',1,-1,11,6,591),
  (1198,'2017-11-22 00:59:33',1,-1,1,8,1885),
  (1199,'2017-11-22 01:00:24',1,-1,2,9,1835),
  (1200,'2017-11-22 01:01:00',1,-1,7,14,222),
  (1201,'2017-11-22 01:04:26',1,-1,12,5,248),
  (1202,'2017-11-22 01:04:57',1,-1,11,6,595),
  (1203,'2017-11-22 01:05:59',1,-1,1,8,1899),
  (1204,'2017-11-22 01:06:53',1,-1,2,9,1919),
  (1205,'2017-11-22 01:07:26',1,-1,7,14,223),
  (1206,'2017-11-22 01:10:58',1,-1,12,5,248),
  (1207,'2017-11-22 01:11:30',1,-1,11,6,612),
  (1208,'2017-11-22 01:12:31',1,-1,1,8,1898),
  (1209,'2017-11-22 01:13:25',1,-1,2,9,1924),
  (1210,'2017-11-22 01:14:01',1,-1,7,14,226),
  (1211,'2017-11-22 01:17:36',1,-1,12,5,254),
  (1212,'2017-11-22 01:18:08',1,-1,11,6,598),
  (1213,'2017-11-22 01:19:09',1,-1,1,8,1902),
  (1214,'2017-11-22 01:20:03',1,-1,2,9,1916),
  (1215,'2017-11-22 01:20:37',1,-1,7,14,223),
  (1216,'2017-11-22 01:24:15',1,-1,12,5,251),
  (1217,'2017-11-22 01:24:45',1,-1,11,6,582),
  (1218,'2017-11-22 01:25:46',1,-1,1,8,1905),
  (1219,'2017-11-22 01:26:40',1,-1,2,9,1925),
  (1220,'2017-11-22 01:27:15',1,-1,7,14,224),
  (1221,'2017-11-22 01:30:56',1,-1,12,5,228),
  (1222,'2017-11-22 01:31:28',1,-1,11,6,605),
  (1223,'2017-11-22 01:32:31',1,-1,1,8,1889),
  (1224,'2017-11-22 01:33:24',1,-1,2,9,1930),
  (1225,'2017-11-22 01:34:00',1,-1,7,14,222),
  (1226,'2017-11-22 01:37:40',1,-1,12,5,253),
  (1227,'2017-11-22 01:38:11',1,-1,11,6,589),
  (1228,'2017-11-22 01:39:11',1,-1,1,8,1899),
  (1229,'2017-11-22 01:40:05',1,-1,2,9,1925),
  (1230,'2017-11-22 01:40:40',1,-1,7,14,224),
  (1231,'2017-11-22 01:44:31',1,-1,12,5,248),
  (1232,'2017-11-22 01:45:01',1,-1,11,6,607),
  (1233,'2017-11-22 01:46:05',1,-1,1,8,1913),
  (1234,'2017-11-22 01:46:59',1,-1,2,9,1919),
  (1235,'2017-11-22 01:47:34',1,-1,7,14,226),
  (1236,'2017-11-22 01:51:16',1,-1,12,5,247),
  (1237,'2017-11-22 01:51:46',1,-1,11,6,595),
  (1238,'2017-11-22 01:52:47',1,-1,1,8,1887),
  (1239,'2017-11-22 01:53:41',1,-1,2,9,1917),
  (1240,'2017-11-22 01:54:18',1,-1,7,14,224),
  (1241,'2017-11-22 01:58:05',1,-1,12,5,246),
  (1242,'2017-11-22 01:58:37',1,-1,11,6,587),
  (1243,'2017-11-22 01:59:41',1,-1,1,8,1895),
  (1244,'2017-11-22 02:00:31',1,-1,2,9,1931),
  (1245,'2017-11-22 02:01:13',1,-1,7,14,224),
  (1246,'2017-11-22 02:04:51',1,-1,12,5,255),
  (1247,'2017-11-22 02:05:22',1,-1,11,6,590),
  (1248,'2017-11-22 02:06:27',1,-1,1,8,1905),
  (1249,'2017-11-22 02:07:19',1,-1,2,9,1930),
  (1250,'2017-11-22 02:07:56',1,-1,7,14,225),
  (1251,'2017-11-22 02:11:38',1,-1,12,5,244),
  (1252,'2017-11-22 02:12:09',1,-1,11,6,605),
  (1253,'2017-11-22 02:13:11',1,-1,1,8,1889),
  (1254,'2017-11-22 02:14:03',1,-1,2,9,1917),
  (1255,'2017-11-22 02:14:43',1,-1,7,14,224),
  (1256,'2017-11-22 02:18:28',1,-1,12,5,250),
  (1257,'2017-11-22 02:18:59',1,-1,11,6,600),
  (1258,'2017-11-22 02:20:04',1,-1,1,8,1888),
  (1259,'2017-11-22 02:20:56',1,-1,2,9,1923),
  (1260,'2017-11-22 02:21:34',1,-1,7,14,222),
  (1261,'2017-11-22 02:25:18',1,-1,12,5,245),
  (1262,'2017-11-22 02:25:49',1,-1,11,6,591),
  (1263,'2017-11-22 02:28:26',1,-1,7,14,222),
  (1264,'2017-11-22 03:08:59',1,-1,1,8,389),
  (1265,'2017-11-22 03:09:03',1,-1,1,8,5),
  (1266,'2017-11-22 03:15:19',1,-1,12,5,68),
  (1267,'2017-11-22 03:19:06',1,-1,12,5,257),
  (1268,'2017-11-22 03:21:33',1,-1,7,14,224),
  (1269,'2017-11-22 03:23:13',1,-1,11,6,91),
  (1270,'2017-11-22 03:23:55',1,-1,11,6,-31),
  (1271,'2017-11-22 03:24:29',1,-1,11,6,9),
  (1272,'2017-11-22 03:24:39',1,-1,11,6,4),
  (1273,'2017-11-22 03:25:20',1,-1,11,6,612),
  (1274,'2017-11-22 03:26:12',1,-1,2,9,1925),
  (1275,'2017-11-22 03:27:15',1,-1,1,10,1878),
  (1276,'2017-11-22 03:28:54',1,-1,12,5,225),
  (1277,'2017-11-22 03:29:23',1,-1,11,6,585),
  (1278,'2017-11-22 03:30:17',1,-1,2,9,1924),
  (1279,'2017-11-22 03:30:58',1,-1,1,10,1688),
  (1280,'2017-11-22 03:32:05',1,-1,7,14,222),
  (1281,'2017-11-22 03:35:37',1,-1,12,5,245),
  (1282,'2017-11-22 03:36:11',1,-1,11,6,590),
  (1283,'2017-11-22 03:37:02',1,-1,2,9,1933),
  (1284,'2017-11-22 03:37:49',1,-1,1,10,1842),
  (1285,'2017-11-22 03:38:51',1,-1,7,14,222),
  (1286,'2017-11-22 03:42:09',1,-1,12,5,252),
  (1287,'2017-11-22 03:42:39',1,-1,11,6,613),
  (1288,'2017-11-22 03:43:33',1,-1,2,9,1930),
  (1289,'2017-11-22 03:44:21',1,-1,1,10,1866),
  (1290,'2017-11-22 03:49:04',1,-1,12,5,248),
  (1291,'2017-11-22 03:49:34',1,-1,11,6,596),
  (1292,'2017-11-22 03:50:27',1,-1,2,9,1923),
  (1293,'2017-11-22 03:51:16',1,-1,1,10,1887),
  (1294,'2017-11-22 03:56:27',1,-1,7,14,12),
  (1295,'2017-11-22 08:06:41',1,-1,12,5,254),
  (1296,'2017-11-22 08:07:13',1,-1,11,6,592),
  (1297,'2017-11-22 08:08:03',1,-1,2,9,1931),
  (1298,'2017-11-22 08:08:55',1,-1,1,10,1861),
  (1299,'2017-11-22 08:10:24',1,-1,7,14,0),
  (1300,'2017-11-22 08:50:25',1,-1,12,5,193),
  (1301,'2017-11-22 08:51:50',1,-1,2,7,892),
  (1302,'2017-11-22 08:52:27',1,-1,1,8,874),
  (1303,'2017-11-22 08:53:30',1,-1,2,9,2752),
  (1304,'2017-11-22 09:07:05',1,-1,8,15,105),
  (1305,'2017-11-22 09:08:31',1,-1,8,15,139),
  (1306,'2017-11-22 10:26:53',1,-1,12,5,198),
  (1307,'2017-11-22 10:28:17',1,-1,2,7,896),
  (1308,'2017-11-22 10:28:53',1,-1,8,15,251),
  (1309,'2017-11-22 10:28:56',1,-1,1,8,863),
  (1310,'2017-11-22 10:29:58',1,-1,2,9,2753),
  (1311,'2017-11-22 10:33:48',1,-1,12,5,193),
  (1312,'2017-11-22 10:35:07',1,-1,2,7,896),
  (1313,'2017-11-22 10:35:43',1,-1,1,8,880),
  (1314,'2017-11-22 10:36:41',1,-1,8,15,247),
  (1315,'2017-11-22 10:36:45',1,-1,2,9,2739),
  (1316,'2017-11-22 10:40:38',1,-1,12,5,196),
  (1317,'2017-11-22 10:42:03',1,-1,2,7,893),
  (1318,'2017-11-22 10:42:43',1,-1,1,8,843),
  (1319,'2017-11-22 10:43:35',1,-1,8,15,250),
  (1320,'2017-11-22 10:43:45',1,-1,2,9,2757),
  (1321,'2017-11-22 10:47:36',1,-1,12,5,198),
  (1322,'2017-11-22 10:48:58',1,-1,2,7,897),
  (1323,'2017-11-22 10:49:31',1,-1,1,8,874),
  (1324,'2017-11-22 10:50:33',1,-1,8,15,250),
  (1325,'2017-11-22 10:50:34',1,-1,2,9,2744),
  (1326,'2017-11-22 10:54:38',1,-1,12,5,194),
  (1327,'2017-11-22 10:56:02',1,-1,2,7,909),
  (1328,'2017-11-22 10:56:37',1,-1,1,8,884),
  (1329,'2017-11-22 10:57:33',1,-1,8,15,247),
  (1330,'2017-11-22 10:57:39',1,-1,2,9,2758),
  (1331,'2017-11-22 11:01:40',1,-1,12,5,199),
  (1332,'2017-11-22 11:03:03',1,-1,2,7,901),
  (1333,'2017-11-22 11:03:39',1,-1,1,8,869),
  (1334,'2017-11-22 11:04:34',1,-1,8,15,248),
  (1335,'2017-11-22 11:04:41',1,-1,2,9,2746),
  (1336,'2017-11-22 11:08:47',1,-1,12,5,205),
  (1337,'2017-11-22 11:10:13',1,-1,2,7,906),
  (1338,'2017-11-22 11:10:49',1,-1,1,8,873),
  (1339,'2017-11-22 11:11:41',1,-1,8,15,250),
  (1340,'2017-11-22 11:11:51',1,-1,2,9,2759),
  (1341,'2017-11-22 11:15:50',1,-1,12,5,197),
  (1342,'2017-11-22 11:17:11',1,-1,2,7,901),
  (1343,'2017-11-22 11:17:48',1,-1,1,8,871),
  (1344,'2017-11-22 11:18:46',1,-1,8,15,250),
  (1345,'2017-11-22 11:18:51',1,-1,2,9,2745),
  (1346,'2017-11-22 11:22:58',1,-1,12,5,197),
  (1347,'2017-11-22 11:24:19',1,-1,2,7,899),
  (1348,'2017-11-22 11:24:55',1,-1,1,8,882),
  (1349,'2017-11-22 11:25:51',1,-1,8,15,248),
  (1350,'2017-11-22 11:25:58',1,-1,2,9,2752),
  (1351,'2017-11-22 12:44:49',1,-1,12,5,253),
  (1352,'2017-11-22 12:45:21',1,-1,11,6,595),
  (1353,'2017-11-22 12:46:13',1,-1,2,9,1929),
  (1354,'2017-11-22 12:47:00',1,-1,1,10,1856),
  (1355,'2017-11-22 12:47:40',1,-1,7,14,228),
  (1356,'2017-11-22 12:48:15',1,-1,12,5,243),
  (1357,'2017-11-22 12:48:48',1,-1,11,6,598),
  (1358,'2017-11-22 12:49:38',1,-1,2,9,1932),
  (1359,'2017-11-22 12:50:22',1,-1,1,10,1793),
  (1360,'2017-11-22 12:51:11',1,-1,7,14,220),
  (1361,'2017-11-22 12:55:04',1,-1,12,5,239),
  (1362,'2017-11-22 12:55:34',1,-1,11,6,581),
  (1363,'2017-11-22 12:56:26',1,-1,2,9,1896),
  (1364,'2017-11-22 12:57:16',1,-1,1,10,1843),
  (1365,'2017-11-22 12:58:06',1,-1,7,14,224),
  (1366,'2017-11-22 13:01:47',1,-1,12,5,250),
  (1367,'2017-11-22 13:02:18',1,-1,11,6,599),
  (1368,'2017-11-22 13:03:10',1,-1,2,9,1923),
  (1369,'2017-11-22 13:03:56',1,-1,1,10,1876),
  (1370,'2017-11-22 13:04:48',1,-1,7,14,222),
  (1371,'2017-11-22 13:08:43',1,-1,12,5,236),
  (1372,'2017-11-22 13:09:12',1,-1,11,6,585),
  (1373,'2017-11-22 13:10:02',1,-1,2,9,1920),
  (1374,'2017-11-22 13:10:51',1,-1,1,10,1875),
  (1375,'2017-11-22 13:11:41',1,-1,7,14,224),
  (1376,'2017-11-22 13:15:33',1,-1,12,5,246),
  (1377,'2017-11-22 13:16:03',1,-1,11,6,594),
  (1378,'2017-11-22 13:16:55',1,-1,2,9,1934),
  (1379,'2017-11-22 13:17:46',1,-1,1,10,1876),
  (1380,'2017-11-22 13:18:31',1,-1,7,14,224),
  (1381,'2017-11-22 13:22:23',1,-1,12,5,249),
  (1382,'2017-11-22 13:22:53',1,-1,11,6,594),
  (1383,'2017-11-22 13:23:43',1,-1,2,9,1918),
  (1384,'2017-11-22 13:24:35',1,-1,1,10,1856),
  (1385,'2017-11-22 13:25:21',1,-1,7,14,221),
  (1386,'2017-11-22 13:29:16',1,-1,12,5,246),
  (1387,'2017-11-22 13:29:46',1,-1,11,6,607),
  (1388,'2017-11-22 13:30:36',1,-1,2,9,1906),
  (1389,'2017-11-22 13:31:26',1,-1,1,10,1852),
  (1390,'2017-11-22 13:32:15',1,-1,7,14,224),
  (1391,'2017-11-22 13:36:08',1,-1,12,5,260),
  (1392,'2017-11-22 13:36:39',1,-1,11,6,595),
  (1393,'2017-11-22 13:37:30',1,-1,2,9,1915),
  (1394,'2017-11-22 13:38:20',1,-1,1,10,1882),
  (1395,'2017-11-22 13:39:05',1,-1,7,14,224),
  (1396,'2017-11-22 13:43:00',1,-1,12,5,248),
  (1397,'2017-11-22 13:43:31',1,-1,11,6,605),
  (1398,'2017-11-22 13:44:23',1,-1,2,9,1930),
  (1399,'2017-11-22 13:45:10',1,-1,1,10,1848),
  (1400,'2017-11-22 13:45:58',1,-1,7,14,224),
  (1401,'2017-11-22 13:55:53',1,-1,12,5,282),
  (1402,'2017-11-22 13:56:17',1,-1,11,6,610),
  (1403,'2017-11-22 13:57:04',1,-1,2,9,1932),
  (1404,'2017-11-22 13:57:52',1,-1,1,10,1882),
  (1405,'2017-11-22 13:58:17',1,-1,7,14,225),
  (1406,'2017-11-22 13:59:12',1,-1,12,5,92),
  (1407,'2017-11-22 13:59:43',1,-1,11,6,585),
  (1408,'2017-11-22 14:00:33',1,-1,2,9,1910),
  (1409,'2017-11-22 14:01:22',1,-1,1,10,1910),
  (1410,'2017-11-22 14:02:19',1,-1,7,14,221),
  (1411,'2017-11-22 14:05:19',1,-1,12,5,224),
  (1412,'2017-11-22 14:05:49',1,-1,11,6,586),
  (1413,'2017-11-22 14:06:41',1,-1,2,9,1914),
  (1414,'2017-11-22 14:07:27',1,-1,1,10,1893),
  (1415,'2017-11-22 14:08:23',1,-1,7,14,226),
  (1416,'2017-11-22 14:12:07',1,-1,12,5,233),
  (1417,'2017-11-22 14:12:40',1,-1,11,6,585),
  (1418,'2017-11-22 14:13:30',1,-1,2,9,1920),
  (1419,'2017-11-22 14:14:16',1,-1,1,10,1889),
  (1420,'2017-11-22 14:15:09',1,-1,7,14,221),
  (1421,'2017-11-22 14:19:11',1,-1,12,5,246),
  (1422,'2017-11-22 14:19:42',1,-1,11,6,576),
  (1423,'2017-11-22 14:20:33',1,-1,2,9,1926),
  (1424,'2017-11-22 14:21:21',1,-1,1,10,1893),
  (1425,'2017-11-22 14:22:12',1,-1,7,14,226),
  (1426,'2017-11-22 14:26:10',1,-1,12,5,252),
  (1427,'2017-11-22 14:26:44',1,-1,11,6,593),
  (1428,'2017-11-22 14:27:36',1,-1,2,9,1914),
  (1429,'2017-11-22 14:28:22',1,-1,1,10,1889),
  (1430,'2017-11-22 14:29:07',1,-1,7,14,225),
  (1431,'2017-11-22 14:33:06',1,-1,12,5,243),
  (1432,'2017-11-22 14:33:39',1,-1,11,6,593),
  (1433,'2017-11-22 14:34:28',1,-1,2,9,1916),
  (1434,'2017-11-22 14:35:18',1,-1,1,10,1873),
  (1435,'2017-11-22 14:36:07',1,-1,7,14,223),
  (1436,'2017-11-22 14:40:10',1,-1,12,5,233),
  (1437,'2017-11-22 14:40:44',1,-1,11,6,595),
  (1438,'2017-11-22 14:41:34',1,-1,2,9,1929),
  (1439,'2017-11-22 14:42:20',1,-1,1,10,1883),
  (1440,'2017-11-22 14:43:12',1,-1,7,14,225),
  (1441,'2017-11-22 14:47:07',1,-1,12,5,242),
  (1442,'2017-11-22 14:47:39',1,-1,11,6,596),
  (1443,'2017-11-22 14:48:28',1,-1,2,9,1918),
  (1444,'2017-11-22 14:49:15',1,-1,1,10,1882),
  (1445,'2017-11-22 14:50:10',1,-1,7,14,225),
  (1446,'2017-11-22 14:54:11',1,-1,12,5,249),
  (1447,'2017-11-22 14:54:46',1,-1,11,6,601),
  (1448,'2017-11-22 14:55:36',1,-1,2,9,1930),
  (1449,'2017-11-22 14:56:22',1,-1,1,10,1853),
  (1450,'2017-11-22 14:57:11',1,-1,7,14,222),
  (1451,'2017-11-22 15:11:44',1,-1,12,5,417),
  (1452,'2017-11-22 15:12:16',1,-1,11,6,463),
  (1453,'2017-11-22 15:13:03',1,-1,2,7,294),
  (1454,'2017-11-22 15:13:54',1,-1,2,9,1992),
  (1455,'2017-11-22 15:14:36',1,-1,1,10,1470),
  (1456,'2017-11-22 15:23:48',1,-1,10,16,2),
  (1457,'2017-11-22 15:36:53',1,-1,12,5,402),
  (1458,'2017-11-22 15:37:24',1,-1,11,6,507),
  (1459,'2017-11-22 15:38:50',1,-1,1,8,2510),
  (1460,'2017-11-22 15:39:33',1,-1,2,9,1350),
  (1461,'2017-11-22 15:40:16',1,-1,5,12,151),
  (1462,'2017-11-22 15:41:49',1,-1,12,5,398),
  (1463,'2017-11-22 15:42:20',1,-1,11,6,480),
  (1464,'2017-11-22 15:43:39',1,-1,1,8,2487),
  (1465,'2017-11-22 15:44:07',1,-1,5,12,148),
  (1466,'2017-11-22 15:44:22',1,-1,2,9,1351),
  (1467,'2017-11-22 18:34:43',1,-1,12,5,396),
  (1468,'2017-11-22 18:35:12',1,-1,11,6,474),
  (1469,'2017-11-22 18:36:07',1,-1,5,12,150),
  (1470,'2017-11-22 18:36:31',1,-1,1,8,2503),
  (1471,'2017-11-22 18:37:14',1,-1,2,9,1344),
  (1472,'2017-11-22 18:39:42',1,-1,12,5,393),
  (1473,'2017-11-22 18:40:14',1,-1,11,6,506),
  (1474,'2017-11-22 18:41:31',1,-1,1,8,2508),
  (1475,'2017-11-22 18:42:02',1,-1,5,12,149),
  (1476,'2017-11-22 18:42:15',1,-1,2,9,1361),
  (1477,'2017-11-22 18:46:28',1,-1,12,5,402),
  (1478,'2017-11-22 18:46:58',1,-1,11,6,482),
  (1479,'2017-11-22 18:48:11',1,-1,1,8,2493),
  (1480,'2017-11-22 18:48:44',1,-1,5,12,148),
  (1481,'2017-11-22 18:48:56',1,-1,2,9,1348),
  (1482,'2017-11-22 18:53:22',1,-1,12,5,378),
  (1483,'2017-11-22 18:53:53',1,-1,11,6,500),
  (1484,'2017-11-22 18:55:06',1,-1,1,8,2504),
  (1485,'2017-11-22 18:55:39',1,-1,5,12,147),
  (1486,'2017-11-22 18:55:51',1,-1,2,9,1342),
  (1487,'2017-11-22 19:00:13',1,-1,12,5,399),
  (1488,'2017-11-22 19:00:44',1,-1,11,6,499),
  (1489,'2017-11-22 19:01:57',1,-1,1,8,2498),
  (1490,'2017-11-22 19:02:29',1,-1,5,12,149),
  (1491,'2017-11-22 19:02:41',1,-1,2,9,1278),
  (1492,'2017-11-22 19:07:07',1,-1,12,5,407),
  (1493,'2017-11-22 19:07:38',1,-1,11,6,490),
  (1494,'2017-11-22 19:08:52',1,-1,1,8,2495),
  (1495,'2017-11-22 19:09:14',1,-1,5,12,146),
  (1496,'2017-11-22 19:09:35',1,-1,2,9,1345),
  (1497,'2017-11-22 19:22:35',1,-1,12,5,396),
  (1498,'2017-11-22 19:23:05',1,-1,11,6,487),
  (1499,'2017-11-22 19:24:21',1,-1,1,8,2507),
  (1500,'2017-11-22 19:24:47',1,-1,5,12,149),
  (1501,'2017-11-22 19:25:04',1,-1,2,9,1349);

COMMIT;

#
# Data for the `oborot` table  (LIMIT 1500,500)
#

INSERT INTO `oborot` (`nRec`, `Last_Date`, `Last_User`, `nRecept`, `nProduct`, `nBunker`, `Val`) VALUES 
  (1502,'2017-11-22 19:29:22',1,-1,12,5,405),
  (1503,'2017-11-22 19:29:53',1,-1,11,6,495),
  (1504,'2017-11-22 19:31:07',1,-1,1,8,2505),
  (1505,'2017-11-22 19:31:31',1,-1,5,12,148),
  (1506,'2017-11-22 19:31:49',1,-1,2,9,1353),
  (1507,'2017-11-22 19:36:17',1,-1,12,5,393),
  (1508,'2017-11-22 19:36:48',1,-1,11,6,500),
  (1509,'2017-11-22 19:38:03',1,-1,1,8,2504),
  (1510,'2017-11-22 19:38:24',1,-1,5,12,149),
  (1511,'2017-11-22 19:38:45',1,-1,2,9,1344),
  (1512,'2017-11-22 19:43:06',1,-1,12,5,402),
  (1513,'2017-11-22 19:43:34',1,-1,11,6,481),
  (1514,'2017-11-22 19:44:50',1,-1,1,8,2509),
  (1515,'2017-11-22 19:45:16',1,-1,5,12,150),
  (1516,'2017-11-22 19:45:32',1,-1,2,9,1358),
  (1517,'2017-11-22 19:50:01',1,-1,12,5,404),
  (1518,'2017-11-22 19:50:30',1,-1,11,6,501),
  (1519,'2017-11-22 19:51:46',1,-1,1,8,2496),
  (1520,'2017-11-22 19:52:09',1,-1,5,12,148),
  (1521,'2017-11-22 19:52:29',1,-1,2,9,1350),
  (1522,'2017-11-22 19:56:51',1,-1,12,5,401),
  (1523,'2017-11-22 19:57:21',1,-1,11,6,484),
  (1524,'2017-11-22 19:58:35',1,-1,1,8,2494),
  (1525,'2017-11-22 19:58:56',1,-1,5,12,148),
  (1526,'2017-11-22 19:59:17',1,-1,2,9,1349),
  (1527,'2017-11-22 20:03:46',1,-1,12,5,389),
  (1528,'2017-11-22 20:04:17',1,-1,11,6,478),
  (1529,'2017-11-22 20:05:33',1,-1,1,8,2486),
  (1530,'2017-11-22 20:05:55',1,-1,5,12,148),
  (1531,'2017-11-22 20:06:17',1,-1,2,9,1355),
  (1532,'2017-11-22 20:10:35',1,-1,12,5,404),
  (1533,'2017-11-22 20:11:07',1,-1,11,6,494),
  (1534,'2017-11-22 20:12:22',1,-1,1,8,2500),
  (1535,'2017-11-22 20:12:44',1,-1,5,12,147),
  (1536,'2017-11-22 20:13:04',1,-1,2,9,1356),
  (1537,'2017-11-22 20:17:33',1,-1,12,5,401),
  (1538,'2017-11-22 20:18:01',1,-1,11,6,478),
  (1539,'2017-11-22 20:19:17',1,-1,1,8,2496),
  (1540,'2017-11-22 20:19:42',1,-1,5,12,148),
  (1541,'2017-11-22 20:19:58',1,-1,2,9,1335),
  (1542,'2017-11-22 20:24:24',1,-1,12,5,395),
  (1543,'2017-11-22 20:24:56',1,-1,11,6,504),
  (1544,'2017-11-22 20:26:10',1,-1,1,8,2497),
  (1545,'2017-11-22 20:26:35',1,-1,5,12,149),
  (1546,'2017-11-22 20:26:53',1,-1,2,9,1350),
  (1547,'2017-11-22 20:31:17',1,-1,12,5,404),
  (1548,'2017-11-22 20:31:46',1,-1,11,6,490),
  (1549,'2017-11-22 20:33:02',1,-1,1,8,2511),
  (1550,'2017-11-22 20:33:25',1,-1,5,12,147),
  (1551,'2017-11-22 20:33:45',1,-1,2,9,1341),
  (1552,'2017-11-22 20:38:08',1,-1,12,5,407),
  (1553,'2017-11-22 20:38:38',1,-1,11,6,493),
  (1554,'2017-11-22 20:39:52',1,-1,1,8,2481),
  (1555,'2017-11-22 20:40:14',1,-1,5,12,146),
  (1556,'2017-11-22 20:40:37',1,-1,2,9,1360),
  (1557,'2017-11-22 20:45:01',1,-1,12,5,399),
  (1558,'2017-11-22 20:45:32',1,-1,11,6,495),
  (1559,'2017-11-22 20:46:47',1,-1,1,8,2506),
  (1560,'2017-11-22 20:47:12',1,-1,5,12,149),
  (1561,'2017-11-22 20:47:30',1,-1,2,9,1343),
  (1562,'2017-11-22 20:51:56',1,-1,12,5,386),
  (1563,'2017-11-22 20:52:28',1,-1,11,6,484),
  (1564,'2017-11-22 20:53:42',1,-1,1,8,2491),
  (1565,'2017-11-22 20:54:06',1,-1,5,12,148),
  (1566,'2017-11-22 20:54:25',1,-1,2,9,1348),
  (1567,'2017-11-22 20:58:52',1,-1,12,5,400),
  (1568,'2017-11-22 20:59:23',1,-1,11,6,493),
  (1569,'2017-11-22 21:00:38',1,-1,1,8,2503),
  (1570,'2017-11-22 21:01:01',1,-1,5,12,149),
  (1571,'2017-11-22 21:01:20',1,-1,2,9,1345),
  (1572,'2017-11-22 21:05:44',1,-1,12,5,402),
  (1573,'2017-11-22 21:06:14',1,-1,11,6,490),
  (1574,'2017-11-22 21:07:29',1,-1,1,8,2502),
  (1575,'2017-11-22 21:07:51',1,-1,5,12,148),
  (1576,'2017-11-22 21:08:12',1,-1,2,9,1360),
  (1577,'2017-11-22 21:12:34',1,-1,12,5,403),
  (1578,'2017-11-22 21:13:05',1,-1,11,6,489),
  (1579,'2017-11-22 21:14:20',1,-1,1,8,2501),
  (1580,'2017-11-22 21:14:43',1,-1,5,12,147),
  (1581,'2017-11-22 21:15:04',1,-1,2,9,1358),
  (1582,'2017-11-22 21:19:29',1,-1,12,5,401),
  (1583,'2017-11-22 21:19:59',1,-1,11,6,486),
  (1584,'2017-11-22 21:21:15',1,-1,1,8,2508),
  (1585,'2017-11-22 21:21:37',1,-1,5,12,147),
  (1586,'2017-11-22 21:21:57',1,-1,2,9,1344),
  (1587,'2017-11-22 21:26:22',1,-1,12,5,400),
  (1588,'2017-11-22 21:26:53',1,-1,11,6,405),
  (1589,'2017-11-22 21:28:09',1,-1,1,8,2499),
  (1590,'2017-11-22 21:28:31',1,-1,5,12,150),
  (1591,'2017-11-22 21:28:51',1,-1,2,9,1344),
  (1592,'2017-11-22 21:33:22',1,-1,12,5,407),
  (1593,'2017-11-22 21:33:52',1,-1,11,6,490),
  (1594,'2017-11-22 21:35:07',1,-1,1,8,2489),
  (1595,'2017-11-22 21:35:29',1,-1,5,12,149),
  (1596,'2017-11-22 21:35:51',1,-1,2,9,1344),
  (1597,'2017-11-22 21:40:09',1,-1,12,5,400),
  (1598,'2017-11-22 21:40:40',1,-1,11,6,500),
  (1599,'2017-11-22 21:41:54',1,-1,1,8,2455),
  (1600,'2017-11-22 21:42:21',1,-1,5,12,148),
  (1601,'2017-11-22 21:42:38',1,-1,2,9,1365),
  (1602,'2017-11-22 21:58:09',1,-1,12,5,401),
  (1603,'2017-11-22 21:58:41',1,-1,11,6,501),
  (1604,'2017-11-22 21:59:20',1,-1,5,12,147),
  (1605,'2017-11-22 21:59:56',1,-1,1,8,2501),
  (1606,'2017-11-22 22:00:37',1,-1,2,9,1343),
  (1607,'2017-11-22 22:12:17',1,-1,12,5,401),
  (1608,'2017-11-22 22:12:48',1,-1,11,6,486),
  (1609,'2017-11-22 22:13:29',1,-1,5,12,149),
  (1610,'2017-11-22 22:14:02',1,-1,1,8,2503),
  (1611,'2017-11-22 22:14:46',1,-1,2,9,1347),
  (1612,'2017-11-22 22:23:41',1,-1,12,5,390),
  (1613,'2017-11-22 22:24:12',1,-1,11,6,490),
  (1614,'2017-11-22 22:24:56',1,-1,5,12,147),
  (1615,'2017-11-22 22:25:27',1,-1,1,8,2502),
  (1616,'2017-11-22 22:26:09',1,-1,2,9,1341),
  (1617,'2017-11-22 22:29:58',1,-1,12,5,407),
  (1618,'2017-11-22 22:30:29',1,-1,11,6,499),
  (1619,'2017-11-22 22:31:43',1,-1,1,8,2496),
  (1620,'2017-11-22 22:32:04',1,-1,5,12,149),
  (1621,'2017-11-22 22:32:27',1,-1,2,9,1356),
  (1622,'2017-11-22 22:36:46',1,-1,12,5,399),
  (1623,'2017-11-22 22:37:18',1,-1,11,6,491),
  (1624,'2017-11-22 22:38:32',1,-1,1,8,2504),
  (1625,'2017-11-22 22:38:58',1,-1,5,12,147),
  (1626,'2017-11-22 22:39:13',1,-1,2,9,1345),
  (1627,'2017-11-22 22:43:36',1,-1,12,5,380),
  (1628,'2017-11-22 22:44:11',1,-1,11,6,482),
  (1629,'2017-11-22 22:45:27',1,-1,1,8,2495),
  (1630,'2017-11-22 22:45:46',1,-1,5,12,149),
  (1631,'2017-11-22 22:46:09',1,-1,2,9,1352),
  (1632,'2017-11-22 22:50:28',1,-1,12,5,403),
  (1633,'2017-11-22 22:50:59',1,-1,11,6,490),
  (1634,'2017-11-22 22:52:13',1,-1,1,8,2500),
  (1635,'2017-11-22 22:52:39',1,-1,5,12,149),
  (1636,'2017-11-22 22:52:57',1,-1,2,9,1356),
  (1637,'2017-11-22 22:57:26',1,-1,12,5,392),
  (1638,'2017-11-22 22:57:55',1,-1,11,6,499),
  (1639,'2017-11-22 22:59:10',1,-1,1,8,2497),
  (1640,'2017-11-22 22:59:32',1,-1,5,12,148),
  (1641,'2017-11-22 22:59:52',1,-1,2,9,1340),
  (1642,'2017-11-22 23:04:12',1,-1,12,5,398),
  (1643,'2017-11-22 23:04:43',1,-1,11,6,484),
  (1644,'2017-11-22 23:05:57',1,-1,1,8,2501),
  (1645,'2017-11-22 23:06:18',1,-1,5,12,147),
  (1646,'2017-11-22 23:06:41',1,-1,2,9,1351),
  (1647,'2017-11-22 23:21:39',1,-1,12,5,399),
  (1648,'2017-11-22 23:22:11',1,-1,11,6,505),
  (1649,'2017-11-22 23:23:25',1,-1,1,8,2500),
  (1650,'2017-11-22 23:23:47',1,-1,5,12,150),
  (1651,'2017-11-22 23:24:09',1,-1,2,9,1365),
  (1652,'2017-11-22 23:40:10',1,-1,12,5,207),
  (1653,'2017-11-22 23:41:37',1,-1,2,7,904),
  (1654,'2017-11-22 23:42:06',1,-1,1,8,888),
  (1655,'2017-11-22 23:42:06',1,-1,8,15,250),
  (1656,'2017-11-22 23:43:06',1,-1,2,9,2739),
  (1657,'2017-11-22 23:44:13',1,-1,12,5,195),
  (1658,'2017-11-22 23:45:37',1,-1,2,7,897),
  (1659,'2017-11-22 23:46:11',1,-1,1,8,863),
  (1660,'2017-11-22 23:47:09',1,-1,2,9,2625),
  (1661,'2017-11-22 23:47:09',1,-1,8,15,248),
  (1662,'2017-11-22 23:51:20',1,-1,12,5,197),
  (1663,'2017-11-22 23:52:43',1,-1,2,7,904),
  (1664,'2017-11-22 23:53:16',1,-1,1,8,868),
  (1665,'2017-11-22 23:54:13',1,-1,8,15,248),
  (1666,'2017-11-22 23:54:19',1,-1,2,9,2739),
  (1667,'2017-11-22 23:58:17',1,-1,12,5,197),
  (1668,'2017-11-22 23:59:42',1,-1,2,7,907),
  (1669,'2017-11-23 00:00:19',1,-1,1,8,886),
  (1670,'2017-11-23 00:01:15',1,-1,8,15,249),
  (1671,'2017-11-23 00:01:20',1,-1,2,9,2740),
  (1672,'2017-11-23 00:05:32',1,-1,12,5,203),
  (1673,'2017-11-23 00:06:52',1,-1,2,7,900),
  (1674,'2017-11-23 00:07:26',1,-1,1,8,872),
  (1675,'2017-11-23 00:08:26',1,-1,2,9,2736),
  (1676,'2017-11-23 00:08:26',1,-1,8,15,247),
  (1677,'2017-11-23 00:12:39',1,-1,12,5,200),
  (1678,'2017-11-23 00:14:00',1,-1,2,7,899),
  (1679,'2017-11-23 00:14:37',1,-1,1,8,884),
  (1680,'2017-11-23 00:15:35',1,-1,8,15,249),
  (1681,'2017-11-23 00:15:39',1,-1,2,9,2755),
  (1682,'2017-11-23 00:19:48',1,-1,12,5,200),
  (1683,'2017-11-23 00:21:09',1,-1,2,7,883),
  (1684,'2017-11-23 00:21:42',1,-1,1,8,877),
  (1685,'2017-11-23 00:22:44',1,-1,2,9,2749),
  (1686,'2017-11-23 00:22:44',1,-1,8,15,249),
  (1687,'2017-11-23 00:26:49',1,-1,12,5,193),
  (1688,'2017-11-23 00:28:09',1,-1,2,7,895),
  (1689,'2017-11-23 00:28:43',1,-1,1,8,875),
  (1690,'2017-11-23 00:29:47',1,-1,2,9,2750),
  (1691,'2017-11-23 00:29:47',1,-1,8,15,248),
  (1692,'2017-11-23 00:33:59',1,-1,12,5,211),
  (1693,'2017-11-23 00:35:20',1,-1,2,7,909),
  (1694,'2017-11-23 00:35:53',1,-1,1,8,867),
  (1695,'2017-11-23 00:36:56',1,-1,2,9,2742),
  (1696,'2017-11-23 00:36:56',1,-1,8,15,249),
  (1697,'2017-11-23 00:41:13',1,-1,12,5,199),
  (1698,'2017-11-23 00:42:33',1,-1,2,7,895),
  (1699,'2017-11-23 00:43:09',1,-1,1,8,875),
  (1700,'2017-11-23 00:44:08',1,-1,8,15,245),
  (1701,'2017-11-23 00:44:11',1,-1,2,9,2742),
  (1702,'2017-11-23 02:51:48',1,-1,12,5,249),
  (1703,'2017-11-23 02:52:22',1,-1,11,6,598),
  (1704,'2017-11-23 02:53:12',1,-1,2,9,1917),
  (1705,'2017-11-23 02:53:53',1,-1,7,14,222),
  (1706,'2017-11-23 02:54:05',1,-1,1,10,1889),
  (1707,'2017-11-23 02:55:31',1,-1,12,5,244),
  (1708,'2017-11-23 02:56:03',1,-1,11,6,591),
  (1709,'2017-11-23 02:56:55',1,-1,2,9,1922),
  (1710,'2017-11-23 02:57:47',1,-1,1,10,1879),
  (1711,'2017-11-23 02:58:29',1,-1,7,14,224),
  (1712,'2017-11-23 03:02:11',1,-1,12,5,241),
  (1713,'2017-11-23 03:02:44',1,-1,11,6,601),
  (1714,'2017-11-23 03:03:37',1,-1,2,9,1928),
  (1715,'2017-11-23 03:04:28',1,-1,1,10,1900),
  (1716,'2017-11-23 03:05:13',1,-1,7,14,225),
  (1717,'2017-11-23 03:08:59',1,-1,12,5,260),
  (1718,'2017-11-23 03:09:32',1,-1,11,6,600),
  (1719,'2017-11-23 03:10:24',1,-1,2,9,1907),
  (1720,'2017-11-23 03:11:08',1,-1,1,10,1822),
  (1721,'2017-11-23 03:12:01',1,-1,7,14,223),
  (1722,'2017-11-23 03:15:50',1,-1,12,5,252),
  (1723,'2017-11-23 03:16:26',1,-1,11,6,596),
  (1724,'2017-11-23 03:17:17',1,-1,2,9,1915),
  (1725,'2017-11-23 03:18:06',1,-1,1,10,1894),
  (1726,'2017-11-23 03:18:56',1,-1,7,14,226),
  (1727,'2017-11-23 03:22:51',1,-1,12,5,242),
  (1728,'2017-11-23 03:23:23',1,-1,11,6,593),
  (1729,'2017-11-23 03:24:18',1,-1,2,9,1928),
  (1730,'2017-11-23 03:25:03',1,-1,1,10,1863),
  (1731,'2017-11-23 03:25:55',1,-1,7,14,221),
  (1732,'2017-11-23 03:29:50',1,-1,12,5,246),
  (1733,'2017-11-23 03:30:23',1,-1,11,6,588),
  (1734,'2017-11-23 03:31:18',1,-1,2,9,1928),
  (1735,'2017-11-23 03:32:02',1,-1,1,10,1878),
  (1736,'2017-11-23 03:32:57',1,-1,7,14,224),
  (1737,'2017-11-23 03:36:57',1,-1,12,5,252),
  (1738,'2017-11-23 03:37:31',1,-1,11,6,600),
  (1739,'2017-11-23 03:38:24',1,-1,2,9,1915),
  (1740,'2017-11-23 03:39:16',1,-1,1,10,1889),
  (1741,'2017-11-23 03:40:05',1,-1,7,14,227),
  (1742,'2017-11-23 03:43:51',1,-1,12,5,248),
  (1743,'2017-11-23 03:44:28',1,-1,11,6,594),
  (1744,'2017-11-23 03:45:22',1,-1,2,9,1908),
  (1745,'2017-11-23 03:46:11',1,-1,1,10,1862),
  (1746,'2017-11-23 03:47:01',1,-1,7,14,224),
  (1747,'2017-11-23 03:50:55',1,-1,12,5,243),
  (1748,'2017-11-23 03:51:30',1,-1,11,6,606),
  (1749,'2017-11-23 03:52:23',1,-1,2,9,1927),
  (1750,'2017-11-23 03:53:12',1,-1,1,10,1880),
  (1751,'2017-11-23 03:54:05',1,-1,7,14,223);

COMMIT;

#
# Data for the `prod_bunker` table  (LIMIT 0,500)
#

INSERT INTO `prod_bunker` (`nRec`, `Last_User`, `Last_Date`, `dt`, `nBunker`, `nProduct`, `bActive`) VALUES 
  (1,1,'2017-11-13 11:17:32',NULL,9,2,1),
  (2,1,'2017-11-13 11:17:32',NULL,10,1,1),
  (3,1,'2017-11-13 11:17:32',NULL,1,1,0),
  (4,1,'2017-11-13 11:17:32',NULL,2,1,0),
  (5,1,'2017-11-13 11:17:32',NULL,16,10,0),
  (6,1,'2017-11-13 11:17:32',NULL,31,13,1),
  (7,1,'2017-11-13 11:17:32',NULL,3,3,1),
  (8,1,'2017-11-13 11:17:32',NULL,4,3,1),
  (9,1,'2017-11-13 11:17:32',NULL,5,12,1),
  (10,1,'2017-11-13 11:17:32',NULL,6,11,1),
  (11,1,'2017-11-13 11:17:32',NULL,7,2,1),
  (12,1,'2017-11-13 11:17:32',NULL,8,1,1),
  (13,1,'2017-11-13 11:17:32',NULL,11,4,1),
  (14,1,'2017-11-13 11:17:32',NULL,12,5,1),
  (15,1,'2017-11-13 11:17:32',NULL,13,6,1),
  (16,1,'2017-11-13 11:17:32',NULL,14,7,1),
  (17,1,'2017-11-13 11:17:32',NULL,15,8,1),
  (18,1,'2017-11-13 11:17:32',NULL,21,18,1),
  (19,1,'2017-11-13 11:17:32',NULL,22,19,1),
  (20,1,'2017-11-13 11:17:32',NULL,23,17,1),
  (21,1,'2017-11-13 11:17:32',NULL,24,16,1),
  (22,1,'2017-11-13 11:17:32',NULL,25,20,1),
  (23,1,'2017-11-13 11:17:32',NULL,26,20,1);

COMMIT;

#
# Data for the `recept` table  (LIMIT 0,500)
#

INSERT INTO `recept` (`nRec`, `Last_Date`, `Last_User`, `Name`, `nProduct`, `Val`, `bActive`) VALUES 
  (1,'2017-11-13 11:17:32',1,'test3',18,50,1),
  (2,'2017-11-13 11:17:32',1,'aaa',18,66,1),
  (3,'2017-11-13 11:17:32',1,'test4',19,19,1),
  (4,'2017-11-13 11:17:32',1,'sdffgf',18,123,1);

COMMIT;

#
# Data for the `recept_det` table  (LIMIT 0,500)
#

INSERT INTO `recept_det` (`nRec`, `nRecept`, `nProduct`, `Val`) VALUES 
  (1,1,1,34),
  (2,1,2,16),
  (3,2,1,11),
  (4,2,2,22),
  (5,2,1,33),
  (10,3,2,19),
  (12,4,1,123);

COMMIT;

#
# Data for the `zakaz` table  (LIMIT 0,500)
#

INSERT INTO `zakaz` (`nRec`, `Last_Date`, `Last_User`, `Name`, `nRecept`, `Val`, `nBunker`, `Status`) VALUES 
  (1,'2017-11-13 11:17:32',1,'aaa',1,111,NULL,NULL),
  (2,'2017-11-13 11:17:32',1,'asd',2,423,NULL,NULL),
  (3,'2017-11-13 11:17:32',1,'вак',3,500,NULL,NULL),
  (6,'2017-11-13 11:17:32',1,'sss',1,300,NULL,NULL),
  (8,'2017-11-13 11:17:32',1,'ssddd',1,500,NULL,NULL),
  (9,'2017-11-13 11:17:32',1,'s2',2,100,NULL,NULL),
  (10,'2017-11-13 11:17:32',1,'s3',1,100,NULL,NULL);

COMMIT;

#
# Data for the `zakaz_det` table  (LIMIT 0,500)
#

INSERT INTO `zakaz_det` (`nRec`, `nZakaz`, `nProduct`, `Val`) VALUES 
  (2,8,1,340),
  (3,8,2,160),
  (5,9,1,16.667),
  (6,9,2,33.333),
  (7,9,1,50),
  (8,10,1,68),
  (9,10,2,32),
  (10,1,1,75.48),
  (11,1,2,35.52),
  (13,2,1,70.5),
  (14,2,2,141),
  (15,2,1,211.5),
  (16,3,2,500),
  (17,6,1,204),
  (18,6,2,96),
  (20,8,1,340),
  (21,8,2,160),
  (23,9,1,16.667),
  (24,9,2,33.333),
  (25,9,1,50),
  (26,10,1,68),
  (27,10,2,32);

COMMIT;



/*!40101 SET CHARACTER_SET_CLIENT=@OLD_CHARACTER_SET_CLIENT */;
/*!40101 SET CHARACTER_SET_RESULTS=@OLD_CHARACTER_SET_RESULTS */;
/*!40101 SET COLLATION_CONNECTION=@OLD_COLLATION_CONNECTION */;